farmer_id,username,full_name,gender,date_of_birth,age,category,aadhaar_masked,mobile,state,district,taluka,village,pincode,khasra_number,land_holding_ha,land_type,soil_type,irrigation_source,primary_crop,secondary_crop,tertiary_crop,has_kcc,kcc_bank,pm_kisan_beneficiary,mgnrega_linked,registration_date,status,gat_number,Verified_GAT,pu_id,bhudharna_prakar,pot_kharab_area_ha,aakarnee_rs,satbara_last_date,kisan_id,plot_centroid_lat,plot_centroid_lon,plot_boundary_radius_m,crop_variety,sowing_date,irrigated_status,pmfby_enrolled,pmfby_sum_insured_rs,pmfby_premium_paid_rs,bank_account_masked,ifsc_code,ndvi_baseline,ndvi_current,ndvi_drop_pct,hist_avg_yield_qtl_per_ha,last_survey_date,last_damage_score_pct,last_claim_status
MH-AS-NAN-10000001,mamta.kulkarni64,Mamta Kulkarni,Female,1961-10-14,64,ST,XXXX-XXXX-8071,7681573780,Maharashtra,Nanded,Hadgaon,Hadgaon_Village_48,418716,775/30,10.12,Canal-irrigated,Medium Black,Tank,Paddy,Chana Dal,,No,State Bank of India,No,Yes,2022-10-16,Active,775/30,Verified,33746317213,Bhogtavadar Varg-1,0.0,18.29,07/06/2024,KID7030039913,19.276123,77.311463,179.5,Jyoti,2024-06-27,Rain-fed,No,0,0,XXXX2567XX,MAHB8427702,0.793,0.743,6.3,40.9,2024-12-25,29.3,Approved
MH-AS-LAT-10000001,sita.jadhav57,Sita Jadhav,Female,1958-03-24,68,NT,XXXX-XXXX-9253,8980262152,Maharashtra,Latur,Udgir,Udgir_Village_60,435971,13/42,8.99,Rain-fed,Alluvial,Drip,Sunflower,Maize,,No,Maharashtra Gramin Bank,Yes,Yes,2025-10-20,Active,13/42,Verified,39697354961,Inam,0.0,16.11,07/02/2025,KID1767950141,18.669196,76.185557,169.2,Local Variety,2024-11-03,Rain-fed,Yes,255484,5109,XXXX4993XX,MAHB6239213,0.694,0.597,14.0,24.0,,,
MH-AS-DHU-10000001,ratan.wagh17,Ratan Wagh,Male,1975-02-08,51,SC,XXXX-XXXX-8608,7418750057,Maharashtra,Dhule,Sakri,Sakri_Village_27,404487,27/21,3.96,Semi-irrigated,Black Cotton Soil,Well,Watermelon,Chilli,Linseed,No,Bank of Baroda,No,No,2024-10-11,Active,27/21,Verified,32181241943,Bhogtavadar Varg-2,0.0,6.38,13/08/2024,KID2067004398,21.15064,74.827394,112.3,Local Variety,2024-10-16,Rain-fed,Yes,109858,2197,XXXX6736XX,MAHB1674346,0.587,0.444,24.4,26.3,,,
MH-AS-PUN-10000001,sunita.pawar54,Sunita Pawar,Female,1955-11-21,70,SC,XXXX-XXXX-6904,9183555426,Maharashtra,Pune,Purandar,Purandar_Village_29,418161,269/41,8.71,Canal-irrigated,Sandy Loam,Rain-fed,Groundnut,Sugarcane,Turmeric,Yes,Maharashtra Gramin Bank,Yes,Yes,2025-09-06,Active,269/41,Verified,31958682846,Bhogtavadar Varg-1,0.0,15.12,18/01/2024,KID4263648760,18.358498,73.494057,166.5,TAG-24,2024-06-28,Rain-fed,No,0,0,XXXX7582XX,MAHB2016214,0.602,0.419,30.4,17.5,2024-11-28,69.3,Disbursed
MH-AS-PUN-10000002,popat.chavan16,Popat Chavan,Male,1983-07-06,42,OBC,XXXX-XXXX-6644,8964685163,Maharashtra,Pune,Maval,Maval_Village_46,416487,183/50,2.41,Irrigated,Black Cotton Soil,Rain-fed,Sunflower,Cowpea,,Yes,Maharashtra Gramin Bank,No,Yes,2025-09-21,Active,183/50,Verified,34163119785,Bhogtavadar Varg-1,0.0,4.22,23/10/2024,KID3313394522,18.912902,73.462161,87.6,Local Variety,2024-10-20,Irrigated,Yes,59943,1198,XXXX1095XX,MAHB1877044,0.732,0.63,13.9,24.7,,,
MH-AS-NAG-10000001,arjun.more33,Arjun More,Male,1996-01-25,30,SC,XXXX-XXXX-4365,8578325918,Maharashtra,Nagpur,Hingna,Hingna_Village_6,436962,68/1,11.47,Semi-irrigated,Black Cotton Soil,River Lift,Teak (Plantation),Onion,Jowar,Yes,Canara Bank,No,Yes,2022-07-14,Active,68/1,Verified,39963334018,Bhogtavadar Varg-1,0.33,20.18,05/07/2024,KID3101419947,21.361634,79.285614,191.1,Local Variety,2024-10-30,Rain-fed,No,0,0,XXXX2786XX,MAHB5770366,0.611,0.561,8.2,25.9,2025-04-10,53.7,Disbursed
MH-AS-PUN-10000003,geeta.chavan36,Geeta Chavan,Female,1978-11-25,47,OBC,XXXX-XXXX-5698,8657253152,Maharashtra,Pune,Haveli,Haveli_Village_54,402861,810/25,2.54,Irrigated,Black Cotton Soil,Rain-fed,Wheat,Turmeric,Cowpea,Yes,Canara Bank,Yes,Yes,2023-08-05,Active,810/25,Verified,32812140441,Bhogtavadar Varg-1,0.0,4.65,09/01/2025,KID3930751749,18.422351,73.852018,89.9,HD-2781,2024-10-21,Irrigated,Yes,84478,1689,XXXX5753XX,MAHB7821252,0.597,0.456,23.6,33.6,,,
MH-AS-PUN-10000004,baburao.more44,Baburao More,Male,1974-05-29,51,SC,XXXX-XXXX-5581,7515091856,Maharashtra,Pune,Shirur,Shirur_Village_15,414530,986/13,5.53,Well-irrigated,Sandy Loam,Borewell,Groundnut,Ginger,,No,Maharashtra Gramin Bank,Yes,No,2025-08-12,Active,986/13,Verified,31127978094,Shasakiya,0.0,10.03,08/03/2024,KID5948990031,18.863559,73.773063,132.7,TAG-24,2024-07-01,Rain-fed,No,0,0,XXXX4733XX,MAHB2502868,0.715,0.58,18.9,16.2,2024-10-10,62.5,Approved
MH-AS-PUN-10000005,rekha.mane59,Rekha Mane,Female,1970-04-14,56,NT,XXXX-XXXX-2103,7389698203,Maharashtra,Pune,Mulshi,Mulshi_Village_60,430476,386/5,1.36,Irrigated,Red Laterite,Well,Pomegranate,Cowpea,Cabbage,Yes,Union Bank,No,Yes,2024-03-22,Active,386/5,Verified,31939042955,Bhogtavadar Varg-1,0.0,2.51,16/02/2024,KID3837117532,18.899565,73.876232,65.8,Bhagwa,2024-10-29,Irrigated,No,0,0,XXXX4906XX,MAHB8864273,0.808,0.681,15.7,25.3,,,
MH-AS-NAS-10000001,radha.mahale98,Radha Mahale,Female,1976-11-27,49,OBC,XXXX-XXXX-5199,9214648129,Maharashtra,Nashik,Igatpuri,Igatpuri_Village_44,432852,169/40,9.74,Irrigated,Black Cotton Soil,Drip,Watermelon,Sweet Corn,,No,Bank of Baroda,No,No,2024-09-22,Active,169/40,Verified,39703905715,Bhogtavadar Varg-2,0.0,18.56,31/05/2024,KID2455163851,19.68079,74.040447,176.1,Local Variety,2024-10-25,Irrigated,No,0,0,XXXX7448XX,MAHB3255165,0.714,0.56,21.6,23.1,2024-10-15,40.5,Pending Review
MH-AS-DHU-10000002,rajesh.kale36,Rajesh Kale,Male,1991-04-24,35,ST,XXXX-XXXX-8556,7315530354,Maharashtra,Dhule,Sakri,Sakri_Village_44,426143,82/33,5.12,Irrigated,Black Cotton Soil,Tank,Cotton,Moong Dal,Tur Dal,No,,No,Yes,2022-06-19,Inactive,82/33,Unverified,37635473142,Bhogtavadar Varg-1,0.0,9.86,16/06/2024,KID4326338643,20.673549,74.818377,127.7,Bt-Hybrid,2024-07-14,Irrigated,Yes,255243,5104,XXXX8851XX,MAHB4413630,0.554,0.151,72.7,21.4,,,
MH-AS-AHM-10000001,naresh.mahale25,Naresh Mahale,Male,1956-07-26,69,OBC,XXXX-XXXX-7964,8941906278,Maharashtra,Ahmednagar,Kopargaon,Kopargaon_Village_83,403539,734/12,1.41,Semi-irrigated,Alluvial,Borewell,Moong Dal,Sugarcane,Tur Dal,No,State Bank of India,Yes,Yes,2023-06-02,Active,734/12,Verified,36241752544,Inam,0.0,2.66,17/01/2025,KID7309474672,18.928615,75.000914,67.0,Local Variety,2024-10-17,Rain-fed,Yes,35778,715,XXXX9317XX,MAHB1160844,0.709,0.528,25.5,26.2,,,
MH-AS-SAN-10000001,usha.wagh52,Usha Wagh,Female,1953-06-10,72,OBC,XXXX-XXXX-4159,9041704089,Maharashtra,Sangli,Tasgaon,Tasgaon_Village_53,427812,486/7,0.58,Well-irrigated,Red Laterite,Canal,Wheat,Turmeric,Pomegranate,No,,Yes,No,2022-05-28,Active,486/7,Verified,37825844140,Bhogtavadar Varg-2,0.0,1.15,31/07/2024,KID2729251472,17.114834,74.358762,43.0,HD-2781,2024-10-26,Rain-fed,Yes,17157,343,XXXX7867XX,MAHB2202207,0.733,0.576,21.4,36.9,,,
MH-AS-SAN-10000002,shankar.patil30,Shankar Patil,Male,1972-04-27,54,ST,XXXX-XXXX-5417,7795008488,Maharashtra,Sangli,Tasgaon,Tasgaon_Village_89,423689,611/21,11.71,Irrigated,Black Cotton Soil,Drip,Fig,Grapes,,Yes,Bank of Baroda,No,No,2025-11-07,Active,611/21,Verified,34460967357,Bhogtavadar Varg-1,0.0,18.82,30/03/2024,KID5327694078,16.968268,74.257645,193.1,Local Variety,2024-10-20,Irrigated,Yes,344044,6880,XXXX1311XX,MAHB4742893,0.581,0.51,12.2,24.7,,,
MH-AS-SOL-10000001,narayan.kulkarni36,Narayan Kulkarni,Male,2002-03-07,24,ST,XXXX-XXXX-2500,8864454493,Maharashtra,Solapur,North Solapur,North Solapur_Village_86,427114,183/32,1.69,Rain-fed,Medium Black,Rain-fed,Pomegranate,Jowar,,Yes,,Yes,No,2023-11-19,Inactive,183/32,Unverified,38293453178,Bhogtavadar Varg-1,0.36,2.84,12/04/2024,KID6170128796,17.616131,75.583892,73.3,Bhagwa,2024-11-06,Rain-fed,No,0,0,XXXX9269XX,MAHB8019482,0.75,0.352,53.1,23.9,,,
MH-AS-OSM-10000001,mangal.more85,Mangal More,Female,1988-10-06,37,General,XXXX-XXXX-8337,9889067902,Maharashtra,Osmanabad,Osmanabad,Osmanabad_Village_76,432670,598/6,9.74,Rain-fed,Sandy Loam,Canal,Moong Dal,Maize,,No,,Yes,Yes,2022-08-29,Active,598/6,Verified,36756332150,Bhogtavadar Varg-1,0.46,15.61,08/03/2024,KID3294844113,17.901209,75.808757,176.1,Local Variety,2024-10-24,Rain-fed,Yes,275934,5518,XXXX9592XX,MAHB9920057,0.599,0.54,9.8,26.8,,,
MH-AS-JAL-10000001,suresh.salve53,Suresh Salve,Male,1963-05-12,63,SC,XXXX-XXXX-3508,8850551962,Maharashtra,Jalgaon,Amalner,Amalner_Village_79,408051,124/14,1.46,Irrigated,Black Cotton Soil,River Lift,Chilli,Onion,Wheat,No,Union Bank,No,No,2025-07-06,Inactive,124/14,Unverified,31667779376,Bhogtavadar Varg-1,0.0,2.71,06/02/2025,KID4866511089,20.989025,75.224691,68.2,LCA-334,2024-07-06,Irrigated,Yes,40646,812,XXXX6033XX,MAHB2591873,0.784,0.252,67.9,25.0,,,
MH-AS-SAT-10000001,ganesh.wagh71,Ganesh Wagh,Male,1952-09-01,73,ST,XXXX-XXXX-3536,9726577145,Maharashtra,Satara,Wai,Wai_Village_69,410390,804/11,10.3,Well-irrigated,Alluvial,Drip,Ginger,Jowar,,No,Union Bank,No,Yes,2022-08-26,Active,804/11,Verified,32445662585,Bhogtavadar Varg-1,0.0,20.18,03/10/2024,KID7895609197,17.468535,73.623542,181.1,Local Variety,2024-07-11,Rain-fed,Yes,248513,4970,XXXX4412XX,MAHB6519596,0.818,0.67,18.1,25.4,,,
MH-AS-JAL-10000002,narayan.mane57,Narayan Mane,Male,1987-11-12,38,OBC,XXXX-XXXX-4770,9675115137,Maharashtra,Jalgaon,Bhusawal,Bhusawal_Village_66,434073,805/15,4.17,Semi-irrigated,Sandy Loam,River Lift,Chana Dal,Tomato,,No,,No,Yes,2022-12-09,Active,805/15,Verified,35693307665,Bhogtavadar Varg-1,0.0,7.08,24/03/2025,KID5194945606,21.326615,75.604388,115.2,Local Variety,2024-10-24,Rain-fed,Yes,107065,2141,XXXX1668XX,MAHB7003904,0.56,0.46,17.9,26.3,2024-10-03,18.0,Pending Review
MH-AS-SOL-10000002,dattatray.shinde60,Dattatray Shinde,Male,1980-06-19,45,ST,XXXX-XXXX-2568,8985299236,Maharashtra,Solapur,Barshi,Barshi_Village_8,401973,952/21,10.15,Semi-irrigated,Alluvial,Borewell,Onion,Sunflower,Chilli,No,DCCB Nashik,Yes,Yes,2025-04-08,Active,952/21,Verified,35710360983,Bhogtavadar Varg-1,0.03,20.0,06/07/2024,KID2535557871,17.420837,76.249503,179.7,Bhima Raj,2024-07-04,Rain-fed,Yes,453622,9072,XXXX2869XX,MAHB6810911,0.689,0.661,4.1,198.6,2024-11-25,87.5,Disbursed
MH-AS-NAN-10000002,suresh.surve58,Suresh Surve,Male,2001-05-26,24,ST,XXXX-XXXX-9523,8167746573,Maharashtra,Nanded,Nanded,Nanded_Village_26,442031,267/42,3.96,Irrigated,Black Cotton Soil,Rain-fed,Turmeric,Maize,Chana Dal,Yes,Bank of Baroda,Yes,No,2025-01-08,Active,267/42,Verified,38934927891,Bhogtavadar Varg-1,0.0,6.43,28/09/2024,KID8695890372,19.17197,76.954407,112.3,Salem,2024-06-16,Irrigated,Yes,182895,3657,XXXX3989XX,MAHB8994916,0.686,0.555,19.1,23.4,2024-10-06,52.1,Disbursed
MH-AS-SAT-10000002,geeta.mane57,Geeta Mane,Female,1961-02-22,65,OBC,XXXX-XXXX-1588,8961865730,Maharashtra,Satara,Mahabaleshwar,Mahabaleshwar_Village_25,401085,924/47,11.73,Canal-irrigated,Alluvial,Tank,Brinjal,Guava,Peas,Yes,,Yes,Yes,2024-06-13,Active,924/47,Verified,37887950851,Bhogtavadar Varg-1,0.0,23.15,13/09/2024,KID5221472218,17.700401,74.130414,193.2,Local Variety,2024-11-04,Rain-fed,Yes,312670,6253,XXXX1561XX,MAHB2955549,0.684,0.551,19.4,25.4,2025-02-11,75.2,Approved
MH-AS-KOL-10000001,suresh.surve52,Suresh Surve,Male,1971-10-29,54,SBC,XXXX-XXXX-4101,9899649643,Maharashtra,Kolhapur,Karvir,Karvir_Village_39,417196,385/50,4.72,Canal-irrigated,Red Laterite,Well,Colocasia,Arecanut,,Yes,DCCB Pune,Yes,Yes,2024-11-30,Active,385/50,Verified,34466589567,Bhogtavadar Varg-1,0.0,8.22,19/05/2024,KID3835965429,16.945527,74.511235,122.6,Local Variety,2024-10-21,Rain-fed,Yes,137629,2752,XXXX9314XX,MAHB3282630,0.594,0.514,13.5,26.7,2024-11-01,38.7,Approved
MH-AS-AUR-10000001,narayan.desai76,Narayan Desai,Male,1976-03-29,50,NT,XXXX-XXXX-5823,7772953598,Maharashtra,Aurangabad,Sillod,Sillod_Village_5,430413,299/20,2.09,Canal-irrigated,Sandy Loam,Well,Pomegranate,Maize,Cotton,No,State Bank of India,Yes,No,2025-05-03,Active,299/20,Verified,38429141456,Bhogtavadar Varg-1,0.0,3.43,01/03/2025,KID1159180812,19.678306,75.717919,81.6,Bhagwa,2024-11-05,Rain-fed,Yes,216215,4324,XXXX6212XX,MAHB1166411,0.662,0.485,26.7,24.1,,,
MH-AS-NAN-10000003,vimal.pawar34,Vimal Pawar,Female,1984-07-10,41,General,XXXX-XXXX-4532,7814727872,Maharashtra,Nanded,Mudkhed,Mudkhed_Village_10,431824,440/9,11.77,Rain-fed,Black Cotton Soil,Borewell,Tomato,Sesame,Moong Dal,No,Maharashtra Gramin Bank,Yes,Yes,2025-03-05,Inactive,440/9,Unverified,33303082117,Bhogtavadar Varg-1,0.0,21.12,25/03/2024,KID1100089274,19.111291,77.132273,193.6,Abhinav,2024-10-21,Rain-fed,Yes,478398,9567,XXXX1128XX,MAHB3434390,0.806,0.344,57.3,250.4,,,
MH-AS-PUN-10000006,bharat.mahale24,Bharat Mahale,Male,1961-05-31,64,OBC,XXXX-XXXX-3915,7483421145,Maharashtra,Pune,Haveli,Haveli_Village_41,403501,509/21,6.15,Rain-fed,Sandy Loam,Tank,Maize,Fig,Bajra,Yes,,Yes,Yes,2022-09-18,Active,509/21,Verified,32625792787,Bhogtavadar Varg-2,0.0,10.47,11/05/2024,KID8815414831,18.559903,73.758567,139.9,Ganga-11,2024-06-16,Rain-fed,Yes,168849,3376,XXXX6194XX,MAHB2514022,0.785,0.617,21.4,31.8,,,
MH-AS-NAG-10000002,ramesh.chavan18,Ramesh Chavan,Male,1992-02-07,34,General,XXXX-XXXX-4590,8058288531,Maharashtra,Nagpur,Katol,Katol_Village_80,431874,761/33,5.94,Well-irrigated,Red Laterite,Canal,Onion,Tur Dal,,No,,No,No,2024-11-12,Active,761/33,Verified,37665963761,Bhogtavadar Varg-1,0.0,10.18,26/02/2025,KID1369448323,20.908783,79.42057,137.5,Bhima Raj,2024-07-01,Rain-fed,Yes,292818,5856,XXXX4380XX,MAHB7140414,0.629,0.547,13.0,199.1,2024-11-27,86.8,Disbursed
MH-AS-AHM-10000002,anil.chavan17,Anil Chavan,Male,1955-10-14,70,General,XXXX-XXXX-9263,7088993703,Maharashtra,Ahmednagar,Shrirampur,Shrirampur_Village_91,438040,634/14,10.72,Semi-irrigated,Medium Black,Tank,Grapes,Groundnut,Tomato,Yes,,Yes,Yes,2024-12-19,Inactive,634/14,Unverified,38995970241,Bhogtavadar Varg-1,0.42,18.47,03/09/2024,KID5319310943,19.446142,75.017995,184.7,Thompson Seedless,2024-11-01,Rain-fed,No,0,0,XXXX5100XX,MAHB2260723,0.606,0.168,72.3,26.7,,,
MH-AS-SAT-10000003,shyam.gavit47,Shyam Gavit,Male,1956-04-07,70,SBC,XXXX-XXXX-7689,9441786536,Maharashtra,Satara,Karad,Karad_Village_98,424869,833/12,10.91,Irrigated,Alluvial,Canal,Fig,Turmeric,,No,,Yes,Yes,2023-07-22,Active,833/12,Verified,33479708607,Bhogtavadar Varg-1,0.17,20.96,16/02/2025,KID2416040795,17.626731,74.19119,186.4,Local Variety,2024-10-25,Irrigated,Yes,314882,6297,XXXX7686XX,MAHB7334757,0.82,0.68,17.1,25.1,,,
MH-AS-AMR-10000001,dattatray.shinde54,Dattatray Shinde,Male,1950-02-02,76,OBC,XXXX-XXXX-7604,9983914738,Maharashtra,Amravati,Achalpur,Achalpur_Village_26,425666,333/50,9.89,Irrigated,Red Laterite,Rain-fed,Urad Dal,Maize,Jowar,No,State Bank of India,No,Yes,2024-03-07,Active,333/50,Verified,34026113008,Bhogtavadar Varg-1,0.0,17.96,31/05/2024,KID7542962116,21.214375,77.413237,177.4,Local Variety,2024-11-07,Irrigated,Yes,277345,5546,XXXX4109XX,MAHB7278266,0.693,0.644,7.1,23.0,,,
MH-AS-SAT-10000004,ganesh.wagh90,Ganesh Wagh,Male,1962-12-14,63,General,XXXX-XXXX-8686,8978812789,Maharashtra,Satara,Karad,Karad_Village_82,409303,831/34,10.24,Canal-irrigated,Red Laterite,Well,Onion,Brinjal,,Yes,DCCB Pune,Yes,Yes,2023-05-02,Active,831/34,Verified,39786748825,Bhogtavadar Varg-1,0.0,17.66,17/01/2025,KID9827875368,17.608467,74.131556,180.5,Bhima Raj,2024-07-05,Rain-fed,No,0,0,XXXX8479XX,MAHB9929603,0.777,0.722,7.1,199.5,2024-10-14,70.4,Approved
MH-AS-NAS-10000002,mamta.shinde91,Mamta Shinde,Female,1955-02-15,71,General,XXXX-XXXX-9249,7360861856,Maharashtra,Nashik,Igatpuri,Igatpuri_Village_47,441050,801/1,5.54,Canal-irrigated,Alluvial,Borewell,Garlic,Strawberry,Onion,No,State Bank of India,No,Yes,2022-06-28,Active,801/1,Verified,35728765136,Bhogtavadar Varg-1,0.0,10.22,21/03/2025,KID6203074492,20.387061,73.954031,132.8,Local Variety,2024-10-22,Rain-fed,No,0,0,XXXX4543XX,MAHB5811919,0.73,0.636,12.9,24.8,,,
MH-AS-AUR-10000002,vandana.lokhande79,Vandana Lokhande,Female,1965-08-23,60,NT,XXXX-XXXX-5688,9459935943,Maharashtra,Aurangabad,Sillod,Sillod_Village_37,420929,544/31,9.78,Well-irrigated,Medium Black,Tank,Chana Dal,Mango,,No,Bank of Maharashtra,Yes,No,2023-10-14,Active,544/31,Verified,36488854841,Bhogtavadar Varg-1,0.0,18.45,22/06/2024,KID4280474243,19.985496,75.107609,176.4,Local Variety,2024-11-03,Rain-fed,No,0,0,XXXX1902XX,MAHB6997879,0.795,0.628,21.0,24.3,,,
MH-AS-AUR-10000003,vitthal.gaikwad34,Vitthal Gaikwad,Male,1966-09-11,59,General,XXXX-XXXX-4836,8316936019,Maharashtra,Aurangabad,Paithan,Paithan_Village_52,414453,5/18,8.57,Well-irrigated,Sandy Loam,River Lift,Wheat,Pomegranate,,Yes,Canara Bank,No,No,2025-07-22,Active,5/18,Verified,32566942273,Shasakiya,0.0,14.65,15/02/2025,KID8279964872,19.710652,75.071308,165.2,HD-2781,2024-10-29,Rain-fed,No,0,0,XXXX4004XX,MAHB9878109,0.687,0.493,28.2,34.3,,,
MH-AS-AUR-10000004,radha.mane91,Radha Mane,Female,1986-07-10,39,General,XXXX-XXXX-2216,8377319760,Maharashtra,Aurangabad,Sillod,Sillod_Village_99,422620,955/28,8.09,Rain-fed,Red Laterite,Drip,Maize,Soybean,,No,DCCB Nashik,No,Yes,2022-10-28,Active,955/28,Verified,36884882440,Inam,0.0,14.28,28/02/2024,KID4960816233,19.719347,75.518105,160.5,Ganga-11,2024-06-18,Rain-fed,Yes,191489,3829,XXXX8029XX,MAHB4379987,0.704,0.561,20.3,29.7,,,
MH-AS-DHU-10000003,vimal.gavit77,Vimal Gavit,Female,1974-09-04,51,General,XXXX-XXXX-3920,7072584618,Maharashtra,Dhule,Shirpur,Shirpur_Village_78,400855,195/44,11.52,Irrigated,Sandy Loam,Canal,Onion,Maize,,No,DCCB Pune,No,Yes,2024-05-02,Active,195/44,Verified,33783290795,Bhogtavadar Varg-2,0.0,18.99,27/08/2024,KID4209291095,21.270584,74.387526,191.5,Bhima Raj,2024-06-23,Irrigated,Yes,554309,11086,XXXX2544XX,MAHB8557323,0.79,0.612,22.5,201.2,2025-01-01,43.1,Approved
MH-AS-AUR-10000005,pushpa.wagh56,Pushpa Wagh,Female,1948-02-15,78,SBC,XXXX-XXXX-1972,9071207308,Maharashtra,Aurangabad,Kannad,Kannad_Village_45,408647,281/29,1.15,Well-irrigated,Medium Black,Drip,Maize,Moong Dal,,Yes,Canara Bank,No,No,2023-05-25,Inactive,281/29,Unverified,34131575764,Bhogtavadar Varg-1,0.0,1.92,08/02/2024,KID2753632834,19.726276,74.98243,60.5,Ganga-11,2024-07-12,Rain-fed,Yes,27811,556,XXXX4075XX,MAHB1704236,0.583,0.164,71.9,31.9,,,
MH-AS-OSM-10000002,sunita.yadav28,Sunita Yadav,Female,1971-07-06,54,General,XXXX-XXXX-7357,7825708770,Maharashtra,Osmanabad,Lohara,Lohara_Village_78,402545,220/19,3.12,Well-irrigated,Alluvial,Tank,Sunflower,Onion,,Yes,Bank of Baroda,Yes,Yes,2025-01-01,Active,220/19,Verified,35996775663,Bhogtavadar Varg-1,0.37,5.84,13/03/2024,KID1414392414,18.485817,76.194006,99.7,Local Variety,2024-11-01,Rain-fed,Yes,74880,1497,XXXX8951XX,MAHB7694508,0.625,0.539,13.8,25.2,2024-10-09,72.4,Approved
MH-AS-OSM-10000003,suresh.surve75,Suresh Surve,Male,1993-02-24,33,SC,XXXX-XXXX-3195,9431006955,Maharashtra,Osmanabad,Lohara,Lohara_Village_64,412934,706/48,8.6,Well-irrigated,Black Cotton Soil,Rain-fed,Safflower,Moong Dal,,Yes,Bank of Baroda,No,No,2024-05-19,Active,706/48,Verified,36924716023,Bhogtavadar Varg-2,0.0,14.38,21/01/2025,KID5911992648,18.447247,76.373679,165.5,Local Variety,2024-10-28,Rain-fed,No,0,0,XXXX6675XX,MAHB5985640,0.766,0.588,23.2,25.4,,,
MH-AS-SAT-10000005,sadashiv.bhosale90,Sadashiv Bhosale,Male,1962-01-14,64,SBC,XXXX-XXXX-4926,8859277178,Maharashtra,Satara,Patan,Patan_Village_45,439208,752/31,11.91,Well-irrigated,Alluvial,Tank,Ginger,Guava,,Yes,State Bank of India,Yes,No,2024-09-28,Active,752/31,Verified,33392080953,Bhogtavadar Varg-1,0.16,21.56,25/04/2024,KID6057948946,17.402995,73.994323,194.7,Local Variety,2024-07-08,Rain-fed,No,0,0,XXXX4993XX,MAHB4115268,0.587,0.537,8.5,25.3,2025-04-03,38.9,Pending Review
MH-AS-PUN-10000007,sadashiv.desai56,Sadashiv Desai,Male,1968-05-04,58,ST,XXXX-XXXX-1512,7631936583,Maharashtra,Pune,Mulshi,Mulshi_Village_54,434992,157/40,5.37,Canal-irrigated,Sandy Loam,Canal,Brinjal,Grapes,Garlic,No,Union Bank,Yes,Yes,2025-04-21,Active,157/40,Verified,38235363119,Bhogtavadar Varg-1,0.0,10.12,16/03/2025,KID7704296769,18.557415,73.869702,130.7,Local Variety,2024-10-21,Rain-fed,Yes,151085,3021,XXXX8073XX,MAHB2205031,0.731,0.645,11.8,24.2,,,
MH-AS-NAG-10000003,vilas.patil65,Vilas Patil,Male,1997-07-24,28,General,XXXX-XXXX-4314,7644448705,Maharashtra,Nagpur,Nagpur Rural,Nagpur Rural_Village_47,410040,57/30,4.9,Semi-irrigated,Sandy Loam,River Lift,Paddy,Custard Apple,Guava,No,Canara Bank,Yes,Yes,2023-01-25,Active,57/30,Verified,34332894265,Bhogtavadar Varg-1,0.0,8.05,12/12/2024,KID8604528022,21.322134,79.34622,124.9,Jyoti,2024-06-18,Rain-fed,Yes,130293,2605,XXXX6981XX,MAHB3360389,0.715,0.528,26.2,41.5,,,
MH-AS-OSM-10000004,ganesh.nirmal13,Ganesh Nirmal,Male,1995-06-30,30,SC,XXXX-XXXX-7566,7883924447,Maharashtra,Osmanabad,Paranda,Paranda_Village_10,413552,258/20,5.64,Rain-fed,Red Laterite,Tank,Soybean,Chilli,,No,,No,No,2025-05-07,Pending,258/20,Pending,36649827836,Bhogtavadar Varg-1,0.17,10.3,05/01/2025,KID4427236164,17.974213,75.723432,134.0,JS-9305,2024-06-16,Rain-fed,Yes,135645,2712,XXXX9218XX,MAHB4043415,0.809,0.492,39.2,12.4,,,
MH-AS-AHM-10000003,dattatray.shinde28,Dattatray Shinde,Male,1957-10-05,68,NT,XXXX-XXXX-9316,9812462795,Maharashtra,Ahmednagar,Shrirampur,Shrirampur_Village_35,432701,764/25,4.93,Well-irrigated,Red Laterite,Borewell,Groundnut,Soybean,Jowar,Yes,DCCB Nashik,Yes,No,2023-02-26,Active,764/25,Verified,32149938334,Shasakiya,0.0,8.39,11/12/2024,KID8929048314,19.185904,74.542925,125.3,TAG-24,2024-06-20,Rain-fed,Yes,133743,2674,XXXX7831XX,MAHB1338941,0.627,0.518,17.4,17.3,,,
MH-AS-OSM-10000005,shankar.more14,Shankar More,Male,1954-11-28,71,OBC,XXXX-XXXX-2848,8029301550,Maharashtra,Osmanabad,Omerga,Omerga_Village_96,416397,909/4,11.63,Rain-fed,Sandy Loam,Drip,Safflower,Chana Dal,Soybean,No,Union Bank,No,No,2024-02-06,Active,909/4,Verified,32351531223,Bhogtavadar Varg-1,0.0,23.09,22/07/2024,KID8826927051,18.447557,76.011423,192.4,Local Variety,2024-10-30,Rain-fed,Yes,333727,6674,XXXX4896XX,MAHB7882665,0.765,0.648,15.3,26.6,,,
MH-AS-NAG-10000004,ramesh.nirmal17,Ramesh Nirmal,Male,1986-01-25,40,OBC,XXXX-XXXX-1042,8932253832,Maharashtra,Nagpur,Nagpur Rural,Nagpur Rural_Village_19,424204,785/4,7.59,Irrigated,Red Laterite,Canal,Tur Dal,Wheat,,Yes,Bank of Maharashtra,No,Yes,2025-08-22,Active,785/4,Verified,38110054933,Bhogtavadar Varg-2,0.0,13.61,09/03/2025,KID9900844878,21.298624,78.972042,155.4,Local Variety,2024-11-09,Irrigated,Yes,222781,4455,XXXX3472XX,MAHB1929241,0.8,0.774,3.3,23.3,,,
MH-AS-NAG-10000005,shyam.bhosale60,Shyam Bhosale,Male,1961-12-24,64,ST,XXXX-XXXX-5112,7826992838,Maharashtra,Nagpur,Nagpur Urban,Nagpur Urban_Village_46,424121,895/5,2.19,Irrigated,Alluvial,River Lift,Cotton,Amla,,Yes,DCCB Pune,No,No,2023-03-31,Active,895/5,Verified,32970753705,Bhogtavadar Varg-1,0.12,4.21,15/02/2025,KID2235723455,20.828573,78.927304,83.5,Bt-Hybrid,2024-06-18,Irrigated,No,0,0,XXXX3194XX,MAHB2328901,0.692,0.548,20.8,18.6,2025-02-23,25.1,Approved
MH-AS-NAN-10000004,sanjay.mane58,Sanjay Mane,Male,1971-12-16,54,NT,XXXX-XXXX-3900,7220945792,Maharashtra,Nanded,Hadgaon,Hadgaon_Village_88,400377,699/38,1.16,Well-irrigated,Black Cotton Soil,Rain-fed,Sesame,Turmeric,,Yes,,No,No,2025-12-31,Inactive,699/38,Unverified,32137651678,Bhogtavadar Varg-1,0.0,2.11,12/10/2024,KID5499741226,18.868867,77.107259,60.8,Local Variety,2024-07-10,Rain-fed,Yes,30479,609,XXXX1370XX,MAHB5889376,0.621,0.119,80.8,25.3,,,
MH-AS-AHM-10000004,mamta.shinde80,Mamta Shinde,Female,1986-06-30,39,SBC,XXXX-XXXX-4412,9789373217,Maharashtra,Ahmednagar,Shevgaon,Shevgaon_Village_45,427541,45/5,1.83,Irrigated,Medium Black,Borewell,Tur Dal,Chilli,Sunflower,No,Bank of Maharashtra,Yes,No,2022-10-13,Active,45/5,Verified,37805745017,Bhogtavadar Varg-1,0.0,2.96,06/07/2024,KID6224063897,19.130334,74.631929,76.3,Local Variety,2024-11-08,Irrigated,Yes,53699,1073,XXXX5657XX,MAHB7673215,0.759,0.611,19.5,26.8,,,
MH-AS-LAT-10000002,usha.bhosale15,Usha Bhosale,Female,1962-10-25,63,NT,XXXX-XXXX-8453,9730970883,Maharashtra,Latur,Renapur,Renapur_Village_80,420096,880/25,4.46,Rain-fed,Black Cotton Soil,Rain-fed,Niger Seed,Maize,Urad Dal,Yes,Bank of Baroda,Yes,No,2025-01-31,Active,880/25,Verified,37010379415,Bhogtavadar Varg-1,0.0,8.27,16/02/2024,KID7009092341,18.604518,76.678927,119.1,Local Variety,2024-10-20,Rain-fed,No,0,0,XXXX9020XX,MAHB9366323,0.619,0.484,21.8,26.2,,,
MH-AS-SAT-10000006,radha.thorat89,Radha Thorat,Female,1989-10-26,36,SBC,XXXX-XXXX-2773,8657013800,Maharashtra,Satara,Mahabaleshwar,Mahabaleshwar_Village_26,413249,458/15,10.73,Canal-irrigated,Sandy Loam,Rain-fed,Brinjal,Ginger,Groundnut,Yes,DCCB Pune,Yes,No,2024-11-21,Active,458/15,Verified,35284391408,Inam,0.0,21.25,08/02/2025,KID7010420731,17.89653,74.250565,184.8,Local Variety,2024-10-21,Rain-fed,No,0,0,XXXX5190XX,MAHB2734329,0.742,0.578,22.1,24.5,2025-01-16,37.6,Flagged
MH-AS-NAG-10000006,sita.mane86,Sita Mane,Female,1988-02-11,38,OBC,XXXX-XXXX-8610,7261074609,Maharashtra,Nagpur,Narkhed,Narkhed_Village_88,439497,530/26,10.9,Well-irrigated,Alluvial,Well,Guava,Teak (Plantation),Onion,No,Union Bank,No,Yes,2025-09-25,Inactive,530/26,Unverified,37483366056,Bhogtavadar Varg-2,0.0,20.06,21/07/2024,KID1397990184,21.167069,78.893234,186.3,Local Variety,2024-10-19,Rain-fed,Yes,285874,5717,XXXX2587XX,MAHB4903323,0.627,0.304,51.5,24.9,,,
MH-AS-OSM-10000006,ramesh.mahale64,Ramesh Mahale,Male,1970-07-29,55,SBC,XXXX-XXXX-8200,8972181363,Maharashtra,Osmanabad,Tuljapur,Tuljapur_Village_73,425079,329/35,10.66,Semi-irrigated,Black Cotton Soil,Well,Soybean,Bajra,Urad Dal,Yes,,Yes,No,2025-02-04,Active,329/35,Verified,31470939445,Shasakiya,0.0,20.55,08/01/2024,KID4777717369,18.582292,75.724299,184.2,JS-9305,2024-06-20,Rain-fed,No,0,0,XXXX4952XX,MAHB2605717,0.73,0.549,24.8,13.0,,,
MH-AS-SAT-10000007,suresh.kulkarni75,Suresh Kulkarni,Male,1990-01-24,36,NT,XXXX-XXXX-5831,7634061143,Maharashtra,Satara,Wai,Wai_Village_55,438489,126/29,10.94,Irrigated,Red Laterite,Drip,Banana,Peas,,No,,Yes,Yes,2023-08-06,Active,126/29,Verified,33694860228,Shasakiya,0.0,21.37,15/05/2024,KID9259377416,17.612453,73.741996,186.6,Grand Naine,2024-11-04,Irrigated,Yes,925372,18507,XXXX5298XX,MAHB2149188,0.557,0.421,24.4,24.5,,,
MH-AS-AUR-10000006,baburao.kulkarni11,Baburao Kulkarni,Male,1991-09-20,34,General,XXXX-XXXX-7681,9344082414,Maharashtra,Aurangabad,Paithan,Paithan_Village_89,434091,135/6,7.73,Irrigated,Medium Black,Borewell,Tur Dal,Bajra,Sugarcane,Yes,,Yes,Yes,2025-03-25,Inactive,135/6,Unverified,35567816720,Bhogtavadar Varg-1,0.0,13.07,01/10/2024,KID2906852892,19.881864,75.588801,156.9,Local Variety,2024-10-28,Irrigated,Yes,218953,4379,XXXX1354XX,MAHB9894734,0.671,0.338,49.6,23.4,,,
MH-AS-SAT-10000008,tukaram.dhere67,Tukaram Dhere,Male,1980-12-17,45,ST,XXXX-XXXX-8283,7645633609,Maharashtra,Satara,Satara,Satara_Village_66,433438,55/41,9.22,Well-irrigated,Black Cotton Soil,Rain-fed,Maize,Onion,Turmeric,Yes,State Bank of India,Yes,No,2025-12-30,Inactive,55/41,Unverified,39573276057,Shasakiya,0.0,15.53,04/03/2024,KID3810343449,17.66031,73.965613,171.3,Ganga-11,2024-07-11,Rain-fed,Yes,224340,4486,XXXX4913XX,MAHB7464585,0.693,0.245,64.6,31.5,,,
MH-AS-NAN-10000005,sanjay.lokhande67,Sanjay Lokhande,Male,1959-11-27,66,ST,XXXX-XXXX-5393,9360175949,Maharashtra,Nanded,Bhokar,Bhokar_Village_71,437414,84/10,1.05,Rain-fed,Sandy Loam,Canal,Maize,Chilli,,Yes,State Bank of India,No,No,2022-07-03,Inactive,84/10,Unverified,37567496105,Bhogtavadar Varg-1,0.39,1.94,20/08/2024,KID2334259143,19.003663,76.982399,57.8,Ganga-11,2024-06-17,Rain-fed,Yes,27697,553,XXXX7519XX,MAHB7027873,0.679,0.228,66.4,30.3,,,
MH-AS-NAN-10000006,geeta.chavan14,Geeta Chavan,Female,1965-10-26,60,OBC,XXXX-XXXX-7844,9053338001,Maharashtra,Nanded,Bhokar,Bhokar_Village_91,421392,374/32,11.36,Irrigated,Sandy Loam,Canal,Jowar,Sugarcane,Maize,No,,Yes,Yes,2025-08-05,Active,374/32,Verified,39639245200,Bhogtavadar Varg-1,0.21,20.04,07/07/2024,KID8390458648,19.31768,77.522083,190.2,Phule Vasudha,2024-07-03,Irrigated,Yes,230771,4615,XXXX5032XX,MAHB4145854,0.76,0.678,10.8,19.3,2024-12-06,44.6,Pending Review
MH-AS-KOL-10000002,ramesh.yadav83,Ramesh Yadav,Male,1991-08-30,34,ST,XXXX-XXXX-9298,9399058283,Maharashtra,Kolhapur,Radhanagari,Radhanagari_Village_27,431255,244/7,6.72,Well-irrigated,Medium Black,Canal,Arecanut,Banana,Brinjal,Yes,,No,No,2024-03-18,Active,244/7,Verified,34095476665,Bhogtavadar Varg-1,0.0,13.01,10/12/2024,KID6367509011,16.797032,74.565044,146.3,Local Variety,2024-11-13,Rain-fed,Yes,166974,3339,XXXX2350XX,MAHB6950225,0.64,0.469,26.7,24.0,2024-11-08,73.0,Flagged
MH-AS-AMR-10000002,saraswati.jadhav74,Saraswati Jadhav,Female,1979-01-16,47,ST,XXXX-XXXX-8291,8377554682,Maharashtra,Amravati,Amravati,Amravati_Village_67,401371,842/47,11.58,Semi-irrigated,Alluvial,Tank,Tur Dal,Cotton,Groundnut,Yes,,No,No,2023-09-15,Active,842/47,Verified,38047877267,Bhogtavadar Varg-1,0.0,22.7,18/01/2025,KID6567895705,20.639809,77.510527,192.0,Local Variety,2024-11-14,Rain-fed,No,0,0,XXXX8521XX,MAHB4350217,0.573,0.398,30.5,26.7,,,
MH-AS-AMR-10000003,vimal.thorat49,Vimal Thorat,Female,1968-11-17,57,SC,XXXX-XXXX-8907,8444381199,Maharashtra,Amravati,Achalpur,Achalpur_Village_52,431401,22/32,4.96,Rain-fed,Red Laterite,Rain-fed,Moong Dal,Chana Dal,Cotton,Yes,DCCB Pune,Yes,No,2023-03-04,Active,22/32,Verified,35774080233,Bhogtavadar Varg-1,0.0,8.64,10/12/2024,KID7175372028,21.211886,77.878894,125.7,Local Variety,2024-11-11,Rain-fed,Yes,122259,2445,XXXX4274XX,MAHB2979789,0.559,0.372,33.5,25.8,,,
MH-AS-SAN-10000003,sunita.dhere47,Sunita Dhere,Female,1993-09-11,32,SC,XXXX-XXXX-7533,7899461428,Maharashtra,Sangli,Khanapur,Khanapur_Village_4,443072,953/6,1.79,Semi-irrigated,Black Cotton Soil,Canal,Fig,Onion,,No,Bank of Maharashtra,Yes,No,2024-05-28,Active,953/6,Verified,32867302554,Bhogtavadar Varg-1,0.49,3.03,14/05/2024,KID2100424496,16.865549,74.799564,75.5,Local Variety,2024-10-23,Rain-fed,Yes,43372,867,XXXX9699XX,MAHB9583705,0.782,0.678,13.3,23.3,,,
MH-AS-SAT-10000009,shankar.wagh23,Shankar Wagh,Male,1983-09-17,42,SC,XXXX-XXXX-9196,8028204848,Maharashtra,Satara,Khandala,Khandala_Village_7,434162,882/5,8.44,Canal-irrigated,Alluvial,Rain-fed,Groundnut,Turmeric,,No,,Yes,No,2024-09-23,Active,882/5,Verified,32948728483,Bhogtavadar Varg-2,0.39,16.14,26/10/2024,KID7455982935,17.901638,74.062191,163.9,TAG-24,2024-06-17,Rain-fed,Yes,220393,4407,XXXX8615XX,MAHB6911627,0.813,0.764,6.0,16.7,,,
MH-AS-LAT-10000003,shankar.yadav20,Shankar Yadav,Male,1955-03-29,71,SC,XXXX-XXXX-1313,9429344184,Maharashtra,Latur,Udgir,Udgir_Village_72,412874,138/38,8.34,Semi-irrigated,Medium Black,Drip,Wheat,Cotton,Sunflower,No,,Yes,No,2023-03-01,Active,138/38,Verified,34919706735,Bhogtavadar Varg-1,0.21,14.26,14/07/2024,KID9051315849,18.560425,76.35971,162.9,HD-2781,2024-11-09,Rain-fed,Yes,235659,4713,XXXX3364XX,MAHB7082878,0.655,0.485,26.0,35.4,,,
MH-AS-AHM-10000005,vilas.pawar91,Vilas Pawar,Male,1963-09-29,62,SBC,XXXX-XXXX-1311,8188867899,Maharashtra,Ahmednagar,Rahuri,Rahuri_Village_53,405820,709/44,1.79,Semi-irrigated,Red Laterite,Well,Coriander,Tomato,Wheat,No,State Bank of India,Yes,No,2025-06-10,Active,709/44,Verified,33615507143,Bhogtavadar Varg-1,0.0,3.45,25/02/2025,KID8680278389,19.257492,74.667568,75.5,Local Variety,2024-10-22,Rain-fed,No,0,0,XXXX2807XX,MAHB5988559,0.701,0.594,15.3,25.8,,,
MH-AS-SAN-10000004,rekha.gaikwad18,Rekha Gaikwad,Female,1977-09-18,48,General,XXXX-XXXX-6353,7957970033,Maharashtra,Sangli,Jat,Jat_Village_8,400643,273/25,2.7,Semi-irrigated,Red Laterite,Tank,Sunflower,Safflower,Jowar,Yes,Union Bank,No,No,2023-12-28,Active,273/25,Verified,35951406973,Bhogtavadar Varg-1,0.0,4.78,22/11/2024,KID3290266080,16.946727,74.662129,92.7,Local Variety,2024-10-21,Rain-fed,Yes,75941,1518,XXXX4749XX,MAHB3904507,0.799,0.67,16.1,24.8,,,
MH-AS-SAN-10000005,bharat.shinde25,Bharat Shinde,Male,1970-10-16,55,NT,XXXX-XXXX-5296,9645714653,Maharashtra,Sangli,Sangli,Sangli_Village_35,444852,922/50,5.07,Rain-fed,Black Cotton Soil,Drip,Jowar,Groundnut,Chilli,No,DCCB Nashik,Yes,Yes,2022-05-28,Active,922/50,Verified,34274958945,Bhogtavadar Varg-1,0.0,9.47,09/07/2024,KID6398068477,16.940995,74.743975,127.0,Phule Vasudha,2024-07-11,Rain-fed,Yes,95681,1913,XXXX9785XX,MAHB8210325,0.569,0.372,34.6,17.2,,,
MH-AS-AHM-10000006,sanjay.mane57,Sanjay Mane,Male,1999-07-06,26,NT,XXXX-XXXX-7143,9643222138,Maharashtra,Ahmednagar,Shrirampur,Shrirampur_Village_52,422472,508/16,9.01,Well-irrigated,Sandy Loam,Well,Tomato,Sugarcane,,No,DCCB Pune,Yes,No,2025-05-03,Inactive,508/16,Unverified,39592390865,Bhogtavadar Varg-2,0.0,14.76,25/02/2024,KID9081319728,18.756311,74.517486,169.4,Abhinav,2024-10-31,Rain-fed,Yes,345252,6905,XXXX8212XX,MAHB3690874,0.653,0.332,49.2,249.1,,,
MH-AS-SAN-10000006,shobha.patil52,Shobha Patil,Female,1954-07-06,71,SC,XXXX-XXXX-6495,9866396588,Maharashtra,Sangli,Sangli,Sangli_Village_34,436612,51/2,8.08,Rain-fed,Sandy Loam,Rain-fed,Tomato,Fig,Castor,Yes,Maharashtra Gramin Bank,No,Yes,2023-09-24,Active,51/2,Verified,36687206971,Bhogtavadar Varg-1,0.0,14.94,11/12/2024,KID3624240653,16.691161,74.954356,160.4,Abhinav,2024-11-08,Rain-fed,Yes,343678,6873,XXXX2151XX,MAHB3302521,0.637,0.51,19.9,248.3,2024-10-11,59.8,Approved
MH-AS-SAN-10000007,vikram.wagh24,Vikram Wagh,Male,1953-04-27,73,General,XXXX-XXXX-2649,7741837518,Maharashtra,Sangli,Sangli,Sangli_Village_18,420144,188/33,11.87,Canal-irrigated,Black Cotton Soil,Canal,Onion,Sugarcane,,Yes,,No,Yes,2023-11-18,Active,188/33,Verified,31083651970,Inam,0.0,21.14,29/04/2024,KID6507397291,16.978493,74.320765,194.4,Bhima Raj,2024-07-14,Rain-fed,No,0,0,XXXX7151XX,MAHB8302847,0.778,0.606,22.1,201.1,2025-01-04,30.5,Approved
MH-AS-JAL-10000003,kavita.gaikwad92,Kavita Gaikwad,Female,1994-12-11,31,OBC,XXXX-XXXX-4359,8525792127,Maharashtra,Jalgaon,Pachora,Pachora_Village_3,405890,822/14,11.22,Well-irrigated,Alluvial,Tank,Papaya,Watermelon,Chilli,Yes,,Yes,Yes,2023-04-07,Active,822/14,Verified,39285415473,Bhogtavadar Varg-2,0.0,20.58,29/08/2024,KID2890015443,21.153107,75.83545,189.0,Local Variety,2024-11-01,Rain-fed,No,0,0,XXXX4373XX,MAHB1844008,0.629,0.464,26.2,25.8,2024-12-02,38.2,Flagged
MH-AS-SAN-10000008,suresh.nirmal69,Suresh Nirmal,Male,1964-11-27,61,SBC,XXXX-XXXX-8965,8789888886,Maharashtra,Sangli,Khanapur,Khanapur_Village_2,417186,721/25,4.65,Irrigated,Medium Black,Well,Fig,Sugarcane,Maize,No,DCCB Nashik,Yes,Yes,2025-02-10,Active,721/25,Verified,32320763135,Bhogtavadar Varg-1,0.0,7.75,13/01/2024,KID6926301240,17.172446,74.347876,121.7,Local Variety,2024-10-15,Irrigated,Yes,118429,2368,XXXX7094XX,MAHB4422453,0.57,0.45,21.1,26.8,,,
MH-AS-AUR-10000007,tukaram.patil53,Tukaram Patil,Male,1979-02-12,47,General,XXXX-XXXX-6609,7961183936,Maharashtra,Aurangabad,Paithan,Paithan_Village_28,404903,903/46,5.63,Well-irrigated,Red Laterite,Drip,Maize,Sunflower,Castor,Yes,DCCB Nashik,Yes,Yes,2023-12-29,Active,903/46,Verified,31248786714,Bhogtavadar Varg-1,0.0,10.67,13/11/2024,KID4811701237,20.234244,75.128709,133.9,Ganga-11,2024-07-06,Rain-fed,No,0,0,XXXX6838XX,MAHB7963805,0.699,0.525,24.9,30.7,,,
MH-AS-NAG-10000007,rajesh.jadhav32,Rajesh Jadhav,Male,1963-07-07,62,SC,XXXX-XXXX-6271,9075153817,Maharashtra,Nagpur,Hingna,Hingna_Village_6,428374,452/29,4.22,Rain-fed,Red Laterite,Well,Bajra,Orange,,No,,No,No,2024-05-31,Active,452/29,Verified,35067116918,Bhogtavadar Varg-2,0.0,8.21,28/03/2025,KID2483406943,20.86882,79.192813,115.9,GHB-732,2024-07-04,Rain-fed,Yes,68430,1368,XXXX8451XX,MAHB2635856,0.672,0.597,11.2,15.1,2025-01-19,16.6,Approved
MH-AS-SAT-10000010,mahesh.yadav10,Mahesh Yadav,Male,1960-09-26,65,SBC,XXXX-XXXX-4054,8912677252,Maharashtra,Satara,Mahabaleshwar,Mahabaleshwar_Village_68,418737,490/30,8.79,Well-irrigated,Sandy Loam,Drip,Guava,Garlic,Brinjal,Yes,Bank of Maharashtra,No,No,2025-12-07,Inactive,490/30,Unverified,39957813353,Bhogtavadar Varg-2,0.0,14.83,14/10/2024,KID8159973813,17.309756,74.255009,167.3,Local Variety,2024-10-29,Rain-fed,Yes,216082,4321,XXXX2837XX,MAHB1671919,0.633,0.238,62.4,24.4,,,
MH-AS-KOL-10000003,radha.pawar31,Radha Pawar,Female,1966-01-11,60,NT,XXXX-XXXX-5186,7995235651,Maharashtra,Kolhapur,Panhala,Panhala_Village_94,442439,267/26,2.87,Irrigated,Red Laterite,Tank,Chilli,Colocasia,Pepper,Yes,Canara Bank,Yes,Yes,2023-07-29,Active,267/26,Verified,34289233844,Bhogtavadar Varg-2,0.0,4.7,16/06/2024,KID8277124120,16.419243,73.912493,95.6,LCA-334,2024-07-06,Irrigated,Yes,70329,1406,XXXX2426XX,MAHB6578152,0.563,0.402,28.6,24.3,,,
MH-AS-SAN-10000009,vandana.gaikwad79,Vandana Gaikwad,Female,1976-02-29,50,SBC,XXXX-XXXX-3480,7371258091,Maharashtra,Sangli,Walwa,Walwa_Village_65,408076,970/34,9.16,Well-irrigated,Red Laterite,Canal,Onion,Pomegranate,Jowar,Yes,DCCB Nashik,Yes,No,2023-02-07,Active,970/34,Verified,33361388464,Bhogtavadar Varg-2,0.2,14.74,08/11/2024,KID8044022892,17.107583,74.952116,170.8,Bhima Raj,2024-07-04,Rain-fed,Yes,445645,8912,XXXX3809XX,MAHB6222780,0.635,0.545,14.2,200.3,,,
MH-AS-AHM-10000007,dnyanoba.kadam32,Dnyanoba Kadam,Male,1992-02-08,34,OBC,XXXX-XXXX-9319,8558424459,Maharashtra,Ahmednagar,Rahuri,Rahuri_Village_32,413871,390/47,10.15,Well-irrigated,Black Cotton Soil,Well,Tomato,Jowar,,Yes,Bank of Baroda,No,No,2024-05-24,Active,390/47,Verified,36633778586,Bhogtavadar Varg-1,0.0,18.85,23/04/2024,KID8117476306,19.303616,75.003565,179.7,Abhinav,2024-10-29,Rain-fed,No,0,0,XXXX6384XX,MAHB4749468,0.585,0.535,8.5,249.0,2025-03-18,52.1,Approved
MH-AS-NAS-10000003,saraswati.bhosale63,Saraswati Bhosale,Female,2002-08-07,23,ST,XXXX-XXXX-9892,9294729733,Maharashtra,Nashik,Nashik,Nashik_Village_95,403839,349/29,7.12,Well-irrigated,Medium Black,Canal,Capsicum,Sugarcane,,Yes,,No,Yes,2024-09-14,Active,349/29,Verified,38086172302,Bhogtavadar Varg-1,0.0,13.12,27/11/2024,KID6288120945,20.355409,73.720873,150.5,Local Variety,2024-11-03,Rain-fed,Yes,193159,3863,XXXX6300XX,MAHB5244584,0.607,0.556,8.4,24.9,,,
MH-AS-SAN-10000010,bharat.dhere16,Bharat Dhere,Male,1949-01-15,77,ST,XXXX-XXXX-1439,8615131930,Maharashtra,Sangli,Miraj,Miraj_Village_78,428124,71/37,2.95,Well-irrigated,Medium Black,Well,Onion,Castor,,Yes,State Bank of India,No,No,2025-08-30,Active,71/37,Verified,37517938612,Bhogtavadar Varg-1,0.48,5.37,02/02/2024,KID2717560104,16.707518,74.747326,96.9,Bhima Raj,2024-06-23,Rain-fed,No,0,0,XXXX1372XX,MAHB1844400,0.697,0.523,25.0,200.6,,,
MH-AS-AHM-10000008,geeta.yadav91,Geeta Yadav,Female,2001-01-26,25,NT,XXXX-XXXX-8595,7468295528,Maharashtra,Ahmednagar,Kopargaon,Kopargaon_Village_77,430123,387/25,5.65,Canal-irrigated,Red Laterite,River Lift,Bajra,Garlic,Tur Dal,Yes,,No,Yes,2024-03-06,Active,387/25,Verified,31519709079,Shasakiya,0.0,9.56,21/11/2024,KID3283842148,19.197088,74.896016,134.1,GHB-732,2024-07-08,Rain-fed,Yes,97207,1944,XXXX8323XX,MAHB4677060,0.591,0.525,11.2,13.4,2025-01-14,76.6,Approved
MH-AS-AUR-10000008,mangal.bhosale30,Mangal Bhosale,Female,1999-10-01,26,NT,XXXX-XXXX-7895,8648654435,Maharashtra,Aurangabad,Sillod,Sillod_Village_60,423536,244/17,8.34,Rain-fed,Black Cotton Soil,Well,Niger Seed,Maize,,Yes,,No,No,2022-08-22,Pending,244/17,Pending,31965067727,Bhogtavadar Varg-1,0.0,14.65,25/02/2025,KID9595485690,20.046704,75.515305,162.9,Local Variety,2024-11-02,Rain-fed,Yes,205077,4101,XXXX8322XX,MAHB2918569,0.64,0.367,42.7,25.0,,,
MH-AS-SAN-10000011,sanjay.kulkarni93,Sanjay Kulkarni,Male,1976-12-07,49,ST,XXXX-XXXX-6501,9065509173,Maharashtra,Sangli,Sangli,Sangli_Village_91,405735,188/22,2.77,Canal-irrigated,Medium Black,Canal,Banana,Onion,Maize,Yes,,No,Yes,2025-10-31,Active,188/22,Verified,32452066459,Bhogtavadar Varg-1,0.0,5.09,25/08/2024,KID6176709320,16.630004,74.248063,93.9,Grand Naine,2024-10-23,Rain-fed,Yes,269968,5399,XXXX6605XX,MAHB8711005,0.739,0.65,12.0,25.8,,,
MH-AS-LAT-10000004,suresh.wagh58,Suresh Wagh,Male,1949-02-21,77,SC,XXXX-XXXX-7220,8777552670,Maharashtra,Latur,Ausa,Ausa_Village_77,407306,111/45,5.15,Irrigated,Black Cotton Soil,Rain-fed,Maize,Wheat,Linseed,Yes,,Yes,Yes,2022-07-10,Pending,111/45,Pending,31945826486,Bhogtavadar Varg-1,0.0,9.26,24/12/2024,KID8468628039,18.40912,76.912482,128.0,Ganga-11,2024-07-01,Irrigated,No,0,0,XXXX4802XX,MAHB5592116,0.725,0.513,29.2,31.7,,,
MH-AS-KOL-10000004,sunita.gavit44,Sunita Gavit,Female,1984-03-28,42,SC,XXXX-XXXX-7226,8663156211,Maharashtra,Kolhapur,Panhala,Panhala_Village_23,430945,722/18,0.51,Irrigated,Sandy Loam,River Lift,Groundnut,Soybean,Turmeric,No,,No,Yes,2022-04-14,Active,722/18,Verified,39894847574,Bhogtavadar Varg-1,0.0,1.02,03/06/2024,KID8597523236,16.892576,73.974879,40.3,TAG-24,2024-06-29,Irrigated,Yes,12922,258,XXXX7817XX,MAHB2547092,0.598,0.43,28.1,16.8,,,
MH-AS-KOL-10000005,sanjay.bhosale95,Sanjay Bhosale,Male,1951-07-16,74,OBC,XXXX-XXXX-7535,9857146408,Maharashtra,Kolhapur,Panhala,Panhala_Village_86,412454,685/32,2.96,Canal-irrigated,Alluvial,Canal,Banana,Paddy,Ginger,Yes,Canara Bank,Yes,Yes,2023-12-28,Pending,685/32,Pending,33710566582,Bhogtavadar Varg-1,0.24,4.9,28/11/2024,KID2320707097,16.358205,74.309748,97.1,Grand Naine,2024-10-19,Rain-fed,Yes,280768,5615,XXXX5095XX,MAHB8310926,0.78,0.439,43.7,26.8,,,
MH-AS-KOL-10000006,suresh.gavit47,Suresh Gavit,Male,1984-02-23,42,General,XXXX-XXXX-3618,9985293066,Maharashtra,Kolhapur,Shirol,Shirol_Village_3,438628,53/3,8.16,Irrigated,Medium Black,River Lift,Sugarcane,Bhendi (Okra),,No,Bank of Maharashtra,Yes,Yes,2023-03-09,Active,53/3,Verified,31983297492,Bhogtavadar Varg-2,0.31,15.32,28/07/2024,KID3493275703,16.771632,74.382792,161.2,Co-86032,2024-07-02,Irrigated,Yes,629072,12581,XXXX8207XX,MAHB3872260,0.717,0.572,20.2,700.4,,,
MH-AS-OSM-10000007,arjun.more44,Arjun More,Male,1962-03-24,64,ST,XXXX-XXXX-6329,7828139485,Maharashtra,Osmanabad,Omerga,Omerga_Village_35,424902,973/46,1.86,Semi-irrigated,Sandy Loam,Rain-fed,Tomato,Chilli,Wheat,Yes,State Bank of India,No,No,2025-07-13,Inactive,973/46,Unverified,34888749350,Bhogtavadar Varg-1,0.09,3.28,29/02/2024,KID5128055915,17.979877,75.998298,76.9,Abhinav,2024-11-08,Rain-fed,Yes,73008,1460,XXXX7868XX,MAHB1634454,0.681,0.15,78.0,250.1,,,
MH-AS-LAT-10000005,shobha.jadhav99,Shobha Jadhav,Female,1978-03-26,48,ST,XXXX-XXXX-6969,9393030033,Maharashtra,Latur,Nilanga,Nilanga_Village_49,423015,367/3,4.83,Rain-fed,Medium Black,Well,Bajra,Niger Seed,,Yes,DCCB Nashik,Yes,No,2024-04-11,Inactive,367/3,Unverified,38987073217,Shasakiya,0.5,8.56,12/03/2024,KID7084993487,18.568026,76.287283,124.0,GHB-732,2024-07-08,Rain-fed,Yes,79257,1585,XXXX7274XX,MAHB2599543,0.558,0.271,51.4,16.9,,,
MH-AS-OSM-10000008,mamta.kale95,Mamta Kale,Female,1953-03-21,73,SC,XXXX-XXXX-9391,9326982719,Maharashtra,Osmanabad,Paranda,Paranda_Village_42,400953,957/35,0.67,Well-irrigated,Black Cotton Soil,Rain-fed,Groundnut,Onion,,Yes,Canara Bank,No,No,2023-10-01,Active,957/35,Verified,39894264595,Bhogtavadar Varg-1,0.12,1.26,24/01/2024,KID2267756385,17.935829,75.990061,46.2,TAG-24,2024-06-29,Rain-fed,Yes,19985,399,XXXX2818XX,MAHB4087839,0.733,0.635,13.4,16.4,,,
MH-AS-AMR-10000004,dattatray.mahale51,Dattatray Mahale,Male,1986-05-18,40,OBC,XXXX-XXXX-1455,9684873420,Maharashtra,Amravati,Amravati,Amravati_Village_54,415850,804/50,4.22,Irrigated,Alluvial,Well,Wheat,Cotton,Orange,Yes,Union Bank,No,Yes,2023-05-16,Pending,804/50,Pending,36317189421,Bhogtavadar Varg-1,0.47,7.92,20/01/2024,KID4249844665,20.733693,78.085597,115.9,HD-2781,2024-11-01,Irrigated,Yes,125809,2516,XXXX5509XX,MAHB1290649,0.731,0.386,47.2,35.5,,,
MH-AS-AHM-10000009,sunita.bhosale40,Sunita Bhosale,Female,2002-12-20,23,SC,XXXX-XXXX-1653,9615648038,Maharashtra,Ahmednagar,Ahmednagar,Ahmednagar_Village_4,439799,659/25,0.65,Well-irrigated,Sandy Loam,River Lift,Onion,Coriander,Grapes,No,,No,Yes,2025-05-10,Active,659/25,Verified,38168204967,Bhogtavadar Varg-2,0.0,1.3,04/06/2024,KID8703536389,18.84672,74.667768,45.5,Bhima Raj,2024-06-26,Rain-fed,Yes,31467,629,XXXX9770XX,MAHB8366086,0.73,0.696,4.7,199.0,,,
MH-AS-JAL-10000004,saraswati.gaikwad64,Saraswati Gaikwad,Female,1988-06-18,37,SBC,XXXX-XXXX-5044,9798216485,Maharashtra,Jalgaon,Erandol,Erandol_Village_67,442489,907/47,2.02,Rain-fed,Sandy Loam,Drip,Papaya,Cotton,,No,State Bank of India,Yes,No,2024-11-03,Active,907/47,Verified,33030106617,Bhogtavadar Varg-2,0.31,3.34,09/09/2024,KID6034788031,21.261676,75.193323,80.2,Local Variety,2024-11-13,Rain-fed,Yes,49345,986,XXXX2134XX,MAHB1097823,0.685,0.545,20.4,23.9,2025-01-22,87.9,Flagged
MH-AS-DHU-10000004,dinesh.kale94,Dinesh Kale,Male,1954-03-13,72,ST,XXXX-XXXX-3156,8240291304,Maharashtra,Dhule,Shirpur,Shirpur_Village_93,421988,469/47,5.5,Semi-irrigated,Black Cotton Soil,Rain-fed,Groundnut,Wheat,,No,Bank of Maharashtra,Yes,No,2025-05-12,Active,469/47,Verified,38664882079,Bhogtavadar Varg-1,0.0,9.03,29/02/2024,KID7274183991,21.038693,74.386134,132.3,TAG-24,2024-07-09,Rain-fed,Yes,161023,3220,XXXX3174XX,MAHB2212008,0.565,0.527,6.7,18.5,2025-01-21,44.3,Pending Review
MH-AS-LAT-10000006,saraswati.shinde68,Saraswati Shinde,Female,1980-04-10,46,SBC,XXXX-XXXX-7030,7230900736,Maharashtra,Latur,Renapur,Renapur_Village_34,433545,671/37,0.44,Well-irrigated,Black Cotton Soil,Tank,Soybean,Bajra,,Yes,,No,No,2022-11-15,Active,671/37,Verified,38763140509,Bhogtavadar Varg-2,0.0,0.83,19/02/2024,KID8309350318,18.751333,76.251758,37.4,JS-9305,2024-06-30,Rain-fed,Yes,13184,263,XXXX2206XX,MAHB2088754,0.607,0.49,19.3,10.8,,,
MH-AS-SAN-10000012,radha.jadhav79,Radha Jadhav,Female,1976-09-03,49,ST,XXXX-XXXX-1958,7549918648,Maharashtra,Sangli,Khanapur,Khanapur_Village_68,422733,196/45,10.77,Canal-irrigated,Medium Black,Tank,Groundnut,Castor,,No,,Yes,Yes,2024-10-25,Active,196/45,Verified,31817804383,Bhogtavadar Varg-1,0.0,19.72,30/04/2024,KID6063053751,16.573899,74.6684,185.2,TAG-24,2024-07-09,Rain-fed,Yes,307804,6156,XXXX2078XX,MAHB7146458,0.683,0.489,28.4,19.4,2025-01-13,37.9,Disbursed
MH-AS-NAG-10000008,lalita.chavan62,Lalita Chavan,Female,1993-12-14,32,General,XXXX-XXXX-6101,9848482760,Maharashtra,Nagpur,Katol,Katol_Village_11,439865,106/12,1.52,Rain-fed,Red Laterite,Drip,Teak (Plantation),Jowar,Chana Dal,No,Union Bank,No,Yes,2023-02-06,Active,106/12,Verified,37146318035,Bhogtavadar Varg-1,0.0,2.6,30/03/2025,KID2074462052,21.423605,79.037298,69.6,Local Variety,2024-10-22,Rain-fed,No,0,0,XXXX3308XX,MAHB1180535,0.745,0.682,8.5,23.7,2025-03-28,61.6,Flagged
MH-AS-SAN-10000013,anil.pawar88,Anil Pawar,Male,1949-07-28,76,NT,XXXX-XXXX-7596,7547586182,Maharashtra,Sangli,Jat,Jat_Village_53,438392,176/39,11.44,Irrigated,Medium Black,River Lift,Castor,Onion,Sunflower,Yes,Maharashtra Gramin Bank,No,Yes,2022-05-06,Active,176/39,Verified,37114223633,Bhogtavadar Varg-1,0.1,18.67,02/10/2024,KID6469975712,16.824709,74.850554,190.8,Local Variety,2024-11-09,Irrigated,No,0,0,XXXX6300XX,MAHB7729353,0.692,0.564,18.5,23.4,2024-10-24,38.2,Flagged
MH-AS-NAG-10000009,savita.pawar35,Savita Pawar,Female,1963-10-11,62,General,XXXX-XXXX-6917,8756044510,Maharashtra,Nagpur,Ramtek,Ramtek_Village_29,421430,825/45,5.84,Rain-fed,Sandy Loam,Rain-fed,Garlic,Orange,Paddy,Yes,DCCB Nashik,No,Yes,2025-06-10,Pending,825/45,Pending,34131356954,Bhogtavadar Varg-1,0.39,9.54,10/03/2024,KID2643487550,21.153517,79.056734,136.3,Local Variety,2024-10-31,Rain-fed,No,0,0,XXXX6219XX,MAHB1670510,0.655,0.459,29.9,26.8,,,
MH-AS-AMR-10000005,sunita.thorat99,Sunita Thorat,Female,1980-06-12,45,SC,XXXX-XXXX-3593,9691250095,Maharashtra,Amravati,Amravati,Amravati_Village_6,437189,417/14,6.09,Semi-irrigated,Medium Black,Drip,Paddy,Urad Dal,Soybean,No,Canara Bank,No,No,2024-12-12,Pending,417/14,Pending,31422701550,Bhogtavadar Varg-1,0.18,11.92,17/07/2024,KID9910963513,20.768209,77.639937,139.2,Jyoti,2024-07-04,Rain-fed,Yes,171445,3428,XXXX6638XX,MAHB7762756,0.8,0.516,35.5,39.1,,,
MH-AS-NAN-10000007,lalita.mane96,Lalita Mane,Female,1962-12-29,63,ST,XXXX-XXXX-3241,8758326864,Maharashtra,Nanded,Deglur,Deglur_Village_65,444478,329/45,0.5,Well-irrigated,Sandy Loam,Borewell,Jowar,Sunflower,,No,Bank of Maharashtra,No,No,2025-03-13,Active,329/45,Verified,34700855390,Bhogtavadar Varg-1,0.04,0.84,20/08/2024,KID1066198243,19.000617,77.376074,39.9,Phule Vasudha,2024-07-12,Rain-fed,No,0,0,XXXX1993XX,MAHB3922796,0.728,0.651,10.6,16.6,2025-04-06,85.0,Pending Review
MH-AS-KOL-10000007,geeta.wagh92,Geeta Wagh,Female,1977-09-23,48,NT,XXXX-XXXX-1645,9067365679,Maharashtra,Kolhapur,Karvir,Karvir_Village_77,434541,124/48,8.89,Semi-irrigated,Sandy Loam,Canal,Turmeric,Groundnut,,Yes,State Bank of India,No,No,2023-04-06,Active,124/48,Verified,32067970820,Bhogtavadar Varg-1,0.48,15.37,08/07/2024,KID3122245828,16.930576,74.420871,168.2,Salem,2024-06-18,Rain-fed,Yes,424776,8495,XXXX6630XX,MAHB5386189,0.705,0.592,16.0,23.2,2025-01-25,45.7,Pending Review
MH-AS-JAL-10000005,sita.yadav48,Sita Yadav,Female,1948-04-30,78,SC,XXXX-XXXX-5727,7612972282,Maharashtra,Jalgaon,Erandol,Erandol_Village_75,406462,385/44,1.74,Irrigated,Medium Black,Tank,Tur Dal,Watermelon,,Yes,Maharashtra Gramin Bank,Yes,No,2022-08-26,Pending,385/44,Pending,32926780541,Bhogtavadar Varg-1,0.44,2.94,09/12/2024,KID4151336074,21.150622,75.905416,74.4,Local Variety,2024-11-12,Irrigated,No,0,0,XXXX2250XX,MAHB4871603,0.682,0.361,47.1,24.1,,,
MH-AS-SAN-10000014,dinesh.gaikwad35,Dinesh Gaikwad,Male,1961-07-26,64,NT,XXXX-XXXX-9915,8735197866,Maharashtra,Sangli,Khanapur,Khanapur_Village_71,427265,997/38,7.0,Well-irrigated,Black Cotton Soil,Canal,Grapes,Onion,Jowar,No,Bank of Maharashtra,Yes,No,2023-12-22,Active,997/38,Verified,32811967841,Bhogtavadar Varg-1,0.46,12.19,15/01/2025,KID7584236566,17.146089,74.921324,149.3,Thompson Seedless,2024-10-19,Rain-fed,Yes,989290,19785,XXXX3520XX,MAHB1346446,0.569,0.545,4.2,24.8,,,
MH-AS-AMR-10000006,geeta.wagh40,Geeta Wagh,Female,1964-05-07,62,SC,XXXX-XXXX-2259,7939377948,Maharashtra,Amravati,Daryapur,Daryapur_Village_75,442202,498/7,2.64,Well-irrigated,Alluvial,Tank,Paddy,Sunflower,Wheat,No,State Bank of India,Yes,Yes,2024-12-21,Active,498/7,Verified,36491309593,Shasakiya,0.5,4.3,22/12/2024,KID3720894147,20.566939,77.665055,91.7,Jyoti,2024-06-17,Rain-fed,No,0,0,XXXX9479XX,MAHB2575618,0.67,0.474,29.3,41.3,,,
MH-AS-AHM-10000010,vimal.yadav72,Vimal Yadav,Female,1954-11-25,71,ST,XXXX-XXXX-3331,8339154873,Maharashtra,Ahmednagar,Shrirampur,Shrirampur_Village_72,436838,166/29,1.5,Rain-fed,Sandy Loam,Rain-fed,Tur Dal,Grapes,Groundnut,Yes,DCCB Pune,Yes,No,2023-02-18,Active,166/29,Verified,34965395580,Bhogtavadar Varg-1,0.0,2.71,03/10/2024,KID7798694210,19.161586,74.717492,69.1,Local Variety,2024-11-11,Rain-fed,No,0,0,XXXX4972XX,MAHB1116119,0.64,0.611,4.5,25.1,2025-02-23,54.6,Approved
MH-AS-SAT-10000011,vilas.more42,Vilas More,Male,1995-05-10,31,OBC,XXXX-XXXX-3124,9420569651,Maharashtra,Satara,Patan,Patan_Village_92,441256,174/48,9.34,Irrigated,Sandy Loam,River Lift,Tomato,Bajra,,Yes,Union Bank,Yes,No,2025-04-28,Active,174/48,Verified,33363629219,Bhogtavadar Varg-1,0.2,15.2,02/08/2024,KID7072821216,17.823981,74.408233,172.4,Abhinav,2024-11-12,Irrigated,Yes,385472,7709,XXXX4930XX,MAHB7119070,0.73,0.545,25.3,248.6,,,
MH-AS-AHM-10000011,sita.desai54,Sita Desai,Female,2001-07-08,24,General,XXXX-XXXX-1368,8453728214,Maharashtra,Ahmednagar,Kopargaon,Kopargaon_Village_51,438632,52/5,10.63,Well-irrigated,Red Laterite,Canal,Grapes,Garlic,,Yes,,No,No,2024-03-18,Active,52/5,Verified,39807209816,Bhogtavadar Varg-2,0.0,20.41,27/10/2024,KID1712896841,18.817636,74.614556,183.9,Thompson Seedless,2024-11-04,Rain-fed,Yes,1559476,31189,XXXX1193XX,MAHB3270167,0.734,0.683,6.9,26.9,2024-10-14,83.7,Disbursed
MH-AS-NAG-10000010,arjun.dhere96,Arjun Dhere,Male,1976-06-13,49,NT,XXXX-XXXX-4885,9498827811,Maharashtra,Nagpur,Nagpur Urban,Nagpur Urban_Village_96,403861,549/28,2.17,Canal-irrigated,Red Laterite,Well,Brinjal,Amla,Tomato,Yes,,No,Yes,2024-11-26,Active,549/28,Verified,34590711152,Bhogtavadar Varg-1,0.0,3.67,15/01/2025,KID5498928637,21.5083,79.029675,83.1,Local Variety,2024-10-17,Rain-fed,Yes,62137,1242,XXXX1678XX,MAHB2135543,0.718,0.66,8.1,25.1,,,
MH-AS-JAL-10000006,yamuna.wagh87,Yamuna Wagh,Female,1960-08-24,65,NT,XXXX-XXXX-3522,7087169326,Maharashtra,Jalgaon,Pachora,Pachora_Village_35,440711,737/33,4.49,Rain-fed,Medium Black,River Lift,Chana Dal,Bajra,,No,Union Bank,Yes,No,2023-09-11,Active,737/33,Verified,35161807235,Bhogtavadar Varg-1,0.0,8.15,07/01/2025,KID1155227210,20.941363,75.859569,119.5,Local Variety,2024-10-20,Rain-fed,Yes,131003,2620,XXXX5399XX,MAHB8722335,0.722,0.586,18.8,26.7,,,
MH-AS-SAN-10000015,naresh.patil17,Naresh Patil,Male,1972-09-26,53,ST,XXXX-XXXX-6733,8535832211,Maharashtra,Sangli,Khanapur,Khanapur_Village_29,408541,308/46,4.35,Rain-fed,Sandy Loam,Canal,Maize,Fig,,No,,No,Yes,2024-06-14,Active,308/46,Verified,34645120421,Bhogtavadar Varg-1,0.41,8.49,20/03/2024,KID8539896548,16.48578,74.277116,117.7,Ganga-11,2024-07-04,Rain-fed,No,0,0,XXXX8871XX,MAHB8882099,0.64,0.547,14.5,28.2,,,
MH-AS-AMR-10000007,baburao.dhere31,Baburao Dhere,Male,1962-01-02,64,NT,XXXX-XXXX-5227,9683856486,Maharashtra,Amravati,Chandur Bazar,Chandur Bazar_Village_15,414662,371/9,2.3,Rain-fed,Medium Black,Rain-fed,Castor,Maize,,No,,Yes,No,2023-09-14,Active,371/9,Verified,36009268066,Bhogtavadar Varg-1,0.0,4.28,29/03/2025,KID2885838821,20.634653,78.141607,85.6,Local Variety,2024-10-22,Rain-fed,No,0,0,XXXX7741XX,MAHB7977003,0.768,0.605,21.2,24.0,,,
MH-AS-OSM-10000009,sita.nirmal82,Sita Nirmal,Female,1962-09-15,63,SC,XXXX-XXXX-1474,7864289292,Maharashtra,Osmanabad,Osmanabad,Osmanabad_Village_53,402077,972/5,4.38,Irrigated,Sandy Loam,Tank,Chilli,Tomato,,No,DCCB Pune,No,Yes,2025-11-03,Active,972/5,Verified,37380780055,Shasakiya,0.0,7.94,31/07/2024,KID2794081827,17.857509,75.960978,118.1,LCA-334,2024-07-13,Irrigated,Yes,108302,2166,XXXX3695XX,MAHB4962731,0.698,0.556,20.3,26.5,,,
MH-AS-JAL-10000007,kondiba.thorat41,Kondiba Thorat,Male,1957-10-09,68,SBC,XXXX-XXXX-9088,7520960570,Maharashtra,Jalgaon,Jalgaon,Jalgaon_Village_35,434117,184/41,9.18,Well-irrigated,Black Cotton Soil,River Lift,Sugarcane,Cotton,,Yes,DCCB Nashik,Yes,Yes,2022-08-08,Inactive,184/41,Unverified,31251837136,Bhogtavadar Varg-2,0.27,15.88,01/12/2024,KID4458970497,21.320605,75.46999,170.9,Co-86032,2024-07-12,Rain-fed,No,0,0,XXXX7932XX,MAHB6296789,0.628,0.184,70.7,698.7,,,
MH-AS-SOL-10000003,dnyanoba.gaikwad78,Dnyanoba Gaikwad,Male,2000-02-29,26,OBC,XXXX-XXXX-3504,9919774307,Maharashtra,Solapur,Mangalvedhe,Mangalvedhe_Village_26,411101,172/2,11.52,Irrigated,Sandy Loam,Rain-fed,Bajra,Pomegranate,,Yes,DCCB Nashik,Yes,Yes,2024-08-31,Active,172/2,Verified,32627677155,Bhogtavadar Varg-1,0.0,19.97,20/02/2024,KID5798197166,17.305843,75.841918,191.5,GHB-732,2024-07-01,Irrigated,No,0,0,XXXX8710XX,MAHB4377952,0.748,0.627,16.2,14.5,2024-12-18,85.9,Approved
MH-AS-NAS-10000004,kavita.kale20,Kavita Kale,Female,1957-03-23,69,ST,XXXX-XXXX-3362,9083203279,Maharashtra,Nashik,Chandwad,Chandwad_Village_85,404247,965/22,7.8,Canal-irrigated,Black Cotton Soil,Well,Grapes,Watermelon,Coriander,Yes,State Bank of India,No,Yes,2023-11-19,Inactive,965/22,Unverified,39526836552,Shasakiya,0.0,14.57,02/03/2025,KID6033001213,19.672939,73.862637,157.6,Thompson Seedless,2024-10-19,Rain-fed,No,0,0,XXXX4126XX,MAHB8604695,0.678,0.326,51.9,25.3,,,
MH-AS-SAT-10000012,usha.jadhav74,Usha Jadhav,Female,1976-02-16,50,SBC,XXXX-XXXX-4704,7326216359,Maharashtra,Satara,Khandala,Khandala_Village_78,411963,71/38,9.3,Canal-irrigated,Alluvial,Well,Peas,Ginger,Pomegranate,No,Union Bank,No,Yes,2025-07-19,Active,71/38,Verified,37249213370,Bhogtavadar Varg-2,0.05,18.58,07/09/2024,KID2568387718,17.654582,73.903398,172.1,Local Variety,2024-10-31,Rain-fed,Yes,224000,4480,XXXX5944XX,MAHB3988852,0.691,0.595,13.9,26.8,,,
MH-AS-OSM-10000010,lata.chavan79,Lata Chavan,Female,1970-09-01,55,NT,XXXX-XXXX-1535,7327873031,Maharashtra,Osmanabad,Paranda,Paranda_Village_75,426472,493/33,6.38,Semi-irrigated,Sandy Loam,Drip,Sesame,Safflower,Cotton,Yes,DCCB Pune,No,No,2023-06-07,Active,493/33,Verified,38380507338,Bhogtavadar Varg-1,0.44,11.9,11/11/2024,KID3400888493,18.465368,76.367284,142.5,Local Variety,2024-07-03,Rain-fed,Yes,176320,3526,XXXX5735XX,MAHB2060646,0.639,0.593,7.2,23.7,,,
MH-AS-NAN-10000008,rukhmini.shinde11,Rukhmini Shinde,Female,2001-12-03,24,SC,XXXX-XXXX-3677,9853833824,Maharashtra,Nanded,Mudkhed,Mudkhed_Village_31,432785,849/35,11.65,Well-irrigated,Medium Black,Borewell,Sunflower,Soybean,,Yes,State Bank of India,No,No,2023-02-15,Pending,849/35,Pending,31664847319,Shasakiya,0.0,21.24,27/07/2024,KID8309258905,19.134587,77.279036,192.6,Local Variety,2024-10-28,Rain-fed,Yes,284307,5686,XXXX2209XX,MAHB8966901,0.566,0.407,28.1,24.6,,,
MH-AS-NAG-10000011,radha.chavan52,Radha Chavan,Female,1976-08-20,49,General,XXXX-XXXX-6403,8750263339,Maharashtra,Nagpur,Ramtek,Ramtek_Village_71,406075,707/40,8.37,Rain-fed,Sandy Loam,Well,Jowar,Teak (Plantation),Amla,No,Maharashtra Gramin Bank,Yes,No,2025-04-18,Active,707/40,Verified,32274350418,Bhogtavadar Varg-1,0.0,15.84,23/05/2024,KID9939815538,21.479804,79.391011,163.2,Phule Vasudha,2024-07-09,Rain-fed,No,0,0,XXXX1875XX,MAHB1943212,0.648,0.586,9.6,18.9,2025-01-21,86.3,Flagged
MH-AS-JAL-10000008,baburao.yadav64,Baburao Yadav,Male,1975-11-09,50,SC,XXXX-XXXX-1860,9654137255,Maharashtra,Jalgaon,Pachora,Pachora_Village_87,403129,634/8,9.99,Well-irrigated,Alluvial,Well,Chilli,Wheat,,Yes,,No,No,2025-02-23,Inactive,634/8,Unverified,35160575046,Bhogtavadar Varg-2,0.45,17.84,17/01/2024,KID3911447521,21.285039,75.678176,178.3,LCA-334,2024-07-06,Rain-fed,Yes,253471,5069,XXXX2625XX,MAHB1683247,0.724,0.179,75.3,24.1,,,
MH-AS-PUN-10000008,naresh.pawar29,Naresh Pawar,Male,1991-05-21,35,NT,XXXX-XXXX-7806,7662297571,Maharashtra,Pune,Purandar,Purandar_Village_19,422999,147/41,11.3,Canal-irrigated,Red Laterite,Canal,Cauliflower,Onion,Turmeric,Yes,,No,Yes,2023-11-02,Active,147/41,Verified,33328710672,Shasakiya,0.48,18.35,19/12/2024,KID4112768597,18.545865,74.228591,189.7,Local Variety,2024-10-24,Rain-fed,Yes,305882,6117,XXXX4490XX,MAHB5995188,0.63,0.489,22.4,26.9,2025-02-04,15.1,Approved
MH-AS-AUR-10000009,sanjay.kadam32,Sanjay Kadam,Male,1985-09-11,40,ST,XXXX-XXXX-9843,9022511056,Maharashtra,Aurangabad,Paithan,Paithan_Village_25,435480,542/14,7.6,Rain-fed,Sandy Loam,Canal,Onion,Wheat,Sugarcane,No,Maharashtra Gramin Bank,Yes,Yes,2022-10-08,Pending,542/14,Pending,38507497883,Bhogtavadar Varg-1,0.0,13.87,08/07/2024,KID4543660517,19.709981,75.188146,155.5,Bhima Raj,2024-07-10,Rain-fed,Yes,343936,6878,XXXX8274XX,MAHB3927123,0.658,0.385,41.5,200.6,,,
MH-AS-SAN-10000016,narayan.desai23,Narayan Desai,Male,1996-01-06,30,ST,XXXX-XXXX-5833,9891952639,Maharashtra,Sangli,Jat,Jat_Village_95,423527,192/14,6.3,Rain-fed,Red Laterite,Tank,Groundnut,Onion,,Yes,DCCB Pune,Yes,No,2024-12-01,Active,192/14,Verified,31245522987,Bhogtavadar Varg-1,0.0,12.49,21/04/2024,KID1371551275,16.533545,74.50409,141.6,TAG-24,2024-06-15,Rain-fed,Yes,184778,3695,XXXX8312XX,MAHB6844329,0.561,0.476,15.2,17.3,,,
MH-AS-KOL-10000008,vimal.kulkarni52,Vimal Kulkarni,Female,2000-06-28,25,ST,XXXX-XXXX-1522,8557586914,Maharashtra,Kolhapur,Radhanagari,Radhanagari_Village_53,415586,645/24,10.59,Rain-fed,Red Laterite,Borewell,Turmeric,Pepper,Jackfruit,Yes,State Bank of India,No,No,2022-10-20,Active,645/24,Verified,37803990970,Bhogtavadar Varg-1,0.0,17.69,15/08/2024,KID8072145556,16.719705,73.926444,183.6,Salem,2024-06-24,Rain-fed,Yes,540198,10803,XXXX6176XX,MAHB4718018,0.804,0.684,14.9,24.5,,,
MH-AS-PUN-10000009,dnyanoba.kale61,Dnyanoba Kale,Male,1951-06-11,74,NT,XXXX-XXXX-7205,9877658579,Maharashtra,Pune,Baramati,Baramati_Village_22,422376,798/17,2.5,Semi-irrigated,Red Laterite,Well,Pomegranate,Cabbage,Brinjal,Yes,DCCB Nashik,No,No,2023-08-23,Inactive,798/17,Unverified,31676168421,Bhogtavadar Varg-1,0.0,4.69,15/08/2024,KID6010353628,18.388031,73.794645,89.2,Bhagwa,2024-10-27,Rain-fed,No,0,0,XXXX1273XX,MAHB2132784,0.577,0.133,76.9,25.5,,,
MH-AS-SAN-10000017,vilas.dhere29,Vilas Dhere,Male,1966-07-13,59,SBC,XXXX-XXXX-6114,9211669704,Maharashtra,Sangli,Miraj,Miraj_Village_35,425283,886/35,5.46,Irrigated,Sandy Loam,Rain-fed,Pomegranate,Castor,Chilli,Yes,Maharashtra Gramin Bank,Yes,Yes,2022-10-12,Active,886/35,Verified,31798112150,Bhogtavadar Varg-2,0.0,9.17,30/04/2024,KID4079242971,17.243907,74.963176,131.8,Bhagwa,2024-10-20,Irrigated,Yes,632115,12642,XXXX7314XX,MAHB5345047,0.588,0.545,7.3,25.1,,,
MH-AS-AUR-10000010,mamta.gaikwad86,Mamta Gaikwad,Female,1983-07-01,42,ST,XXXX-XXXX-3442,9657535111,Maharashtra,Aurangabad,Kannad,Kannad_Village_29,430222,65/34,5.43,Irrigated,Black Cotton Soil,Well,Castor,Cotton,,No,,Yes,No,2024-02-11,Active,65/34,Verified,33555656321,Shasakiya,0.0,9.85,13/03/2025,KID3624598754,19.568745,75.272612,131.5,Local Variety,2024-11-05,Irrigated,Yes,153239,3064,XXXX7366XX,MAHB9805511,0.572,0.39,31.8,23.1,,,
MH-AS-LAT-10000007,tukaram.wagh82,Tukaram Wagh,Male,1996-07-25,29,ST,XXXX-XXXX-2981,8134698005,Maharashtra,Latur,Ausa,Ausa_Village_14,406307,966/24,10.7,Canal-irrigated,Red Laterite,River Lift,Chana Dal,Tur Dal,Wheat,Yes,,Yes,No,2024-07-29,Active,966/24,Verified,36305160342,Bhogtavadar Varg-1,0.19,17.53,04/07/2024,KID7979588535,18.637337,76.65181,184.6,Local Variety,2024-10-26,Rain-fed,No,0,0,XXXX1412XX,MAHB7628692,0.791,0.668,15.5,23.2,,,
MH-AS-DHU-10000005,mohan.patil14,Mohan Patil,Male,1976-10-04,49,General,XXXX-XXXX-7299,7094939911,Maharashtra,Dhule,Shirpur,Shirpur_Village_89,426114,893/34,7.44,Irrigated,Red Laterite,River Lift,Cotton,Watermelon,,No,,No,No,2024-02-21,Active,893/34,Verified,33553440342,Bhogtavadar Varg-1,0.14,13.24,20/02/2024,KID6102379140,21.068596,75.061169,153.9,Bt-Hybrid,2024-07-13,Irrigated,Yes,372821,7456,XXXX5954XX,MAHB3964300,0.597,0.575,3.7,20.3,,,
MH-AS-DHU-10000006,arjun.jadhav28,Arjun Jadhav,Male,1992-12-01,33,NT,XXXX-XXXX-7892,7057406593,Maharashtra,Dhule,Dhule,Dhule_Village_57,432330,938/44,1.05,Semi-irrigated,Medium Black,Rain-fed,Tur Dal,Groundnut,,Yes,Bank of Maharashtra,No,Yes,2022-07-03,Inactive,938/44,Unverified,33660223333,Bhogtavadar Varg-1,0.0,2.0,17/12/2024,KID1477324837,20.789105,74.935151,57.8,Local Variety,2024-11-12,Rain-fed,Yes,28340,566,XXXX7126XX,MAHB7093195,0.697,0.381,45.3,26.1,,,
MH-AS-SAT-10000013,radha.nirmal86,Radha Nirmal,Female,1976-06-26,49,SBC,XXXX-XXXX-5477,9086638245,Maharashtra,Satara,Mahabaleshwar,Mahabaleshwar_Village_72,436331,104/1,4.96,Canal-irrigated,Black Cotton Soil,Drip,Sugarcane,Fig,Banana,No,,Yes,No,2023-02-23,Active,104/1,Verified,37540301973,Bhogtavadar Varg-1,0.0,8.63,07/07/2024,KID1053848109,17.792288,73.67089,125.7,Co-86032,2024-07-04,Rain-fed,Yes,344167,6883,XXXX1693XX,MAHB4563521,0.662,0.563,15.0,701.7,2025-04-02,68.4,Approved
MH-AS-LAT-10000008,ratan.jadhav22,Ratan Jadhav,Male,1962-09-19,63,NT,XXXX-XXXX-6304,8969973216,Maharashtra,Latur,Udgir,Udgir_Village_68,410151,20/27,9.64,Canal-irrigated,Alluvial,Drip,Tomato,Sunflower,Moong Dal,Yes,,Yes,Yes,2025-03-03,Pending,20/27,Pending,39309500117,Bhogtavadar Varg-1,0.0,17.99,05/10/2024,KID4510129956,18.540598,76.201191,175.2,Abhinav,2024-10-16,Rain-fed,Yes,417848,8356,XXXX8034XX,MAHB5888868,0.756,0.445,41.1,251.1,,,
MH-AS-AMR-10000008,shankar.jadhav55,Shankar Jadhav,Male,1995-11-23,30,SBC,XXXX-XXXX-4785,7622294183,Maharashtra,Amravati,Chandur Bazar,Chandur Bazar_Village_4,422443,892/8,9.26,Semi-irrigated,Red Laterite,Drip,Maize,Castor,Tur Dal,No,State Bank of India,No,Yes,2022-06-02,Active,892/8,Verified,38370987661,Bhogtavadar Varg-1,0.0,17.76,26/11/2024,KID4601660527,20.71709,77.438263,171.7,Ganga-11,2024-06-17,Rain-fed,Yes,230711,4614,XXXX8528XX,MAHB3051657,0.818,0.743,9.2,30.7,,,
MH-AS-SAT-10000014,savita.jadhav40,Savita Jadhav,Female,1978-11-30,47,General,XXXX-XXXX-8970,8344254972,Maharashtra,Satara,Wai,Wai_Village_88,406004,976/30,11.92,Rain-fed,Sandy Loam,Rain-fed,Banana,Guava,,Yes,DCCB Nashik,No,No,2023-03-20,Inactive,976/30,Unverified,36320115677,Shasakiya,0.34,23.49,02/07/2024,KID8619465652,17.465933,74.378922,194.8,Grand Naine,2024-11-03,Rain-fed,Yes,982848,19656,XXXX4437XX,MAHB1827577,0.8,0.252,68.5,25.7,,,
MH-AS-NAN-10000009,anil.jadhav47,Anil Jadhav,Male,1994-08-26,31,General,XXXX-XXXX-2895,8761646028,Maharashtra,Nanded,Bhokar,Bhokar_Village_4,439203,374/16,9.29,Irrigated,Red Laterite,Rain-fed,Onion,Sugarcane,Groundnut,Yes,,Yes,No,2022-11-12,Pending,374/16,Pending,32699887270,Bhogtavadar Varg-1,0.0,15.74,01/02/2024,KID6897488173,19.426854,77.155269,172.0,Bhima Raj,2024-06-21,Irrigated,Yes,459949,9198,XXXX5341XX,MAHB4951036,0.74,0.586,20.8,199.4,,,
MH-AS-NAG-10000012,lata.gavit26,Lata Gavit,Female,1978-01-03,48,General,XXXX-XXXX-8832,9727413741,Maharashtra,Nagpur,Nagpur Urban,Nagpur Urban_Village_64,404850,823/30,4.53,Rain-fed,Medium Black,Tank,Orange,Amla,Teak (Plantation),Yes,State Bank of India,No,No,2022-07-17,Active,823/30,Verified,36583444930,Bhogtavadar Varg-1,0.0,7.97,22/07/2024,KID9785787650,21.508582,78.785275,120.1,Local Variety,2024-11-08,Rain-fed,Yes,110012,2200,XXXX7893XX,MAHB8768796,0.7,0.651,7.0,24.2,,,
MH-AS-LAT-10000009,rukhmini.kale98,Rukhmini Kale,Female,1969-12-11,56,NT,XXXX-XXXX-1077,7048446809,Maharashtra,Latur,Latur,Latur_Village_28,416782,526/38,9.69,Canal-irrigated,Black Cotton Soil,Drip,Tomato,Groundnut,Niger Seed,Yes,Bank of Baroda,No,Yes,2022-09-21,Active,526/38,Verified,31311570307,Bhogtavadar Varg-2,0.25,16.09,21/05/2024,KID2703068554,18.153231,76.524095,175.6,Abhinav,2024-10-31,Rain-fed,Yes,383200,7664,XXXX6430XX,MAHB8376870,0.564,0.513,9.0,250.2,2024-10-08,65.5,Approved
MH-AS-SAN-10000018,kavita.kulkarni15,Kavita Kulkarni,Female,1999-10-11,26,SC,XXXX-XXXX-6181,8740031827,Maharashtra,Sangli,Tasgaon,Tasgaon_Village_28,410403,885/39,11.86,Irrigated,Medium Black,Canal,Banana,Jowar,,No,,Yes,Yes,2025-10-16,Active,885/39,Verified,35278201677,Bhogtavadar Varg-1,0.25,23.68,07/04/2024,KID1682160897,16.496213,74.510233,194.3,Grand Naine,2024-11-07,Irrigated,Yes,1158622,23172,XXXX1240XX,MAHB1121669,0.727,0.703,3.3,26.4,,,
MH-AS-AUR-10000011,radha.chavan53,Radha Chavan,Female,1984-08-26,41,General,XXXX-XXXX-6493,9343460253,Maharashtra,Aurangabad,Kannad,Kannad_Village_86,425200,505/23,10.57,Well-irrigated,Red Laterite,Canal,Sunflower,Chana Dal,Jowar,Yes,Bank of Maharashtra,Yes,No,2025-02-18,Active,505/23,Verified,39904586976,Inam,0.0,20.83,03/03/2024,KID5052918015,19.932144,75.566241,183.4,Local Variety,2024-10-23,Rain-fed,Yes,272710,5454,XXXX4046XX,MAHB1422083,0.681,0.619,9.1,25.9,,,
MH-AS-NAS-10000005,dattatray.salve64,Dattatray Salve,Male,2002-09-04,23,SC,XXXX-XXXX-4426,9850641429,Maharashtra,Nashik,Sinnar,Sinnar_Village_51,415271,514/19,9.74,Rain-fed,Sandy Loam,Drip,Wheat,Methi,Chilli,Yes,Bank of Baroda,Yes,Yes,2022-04-15,Active,514/19,Verified,32139027119,Inam,0.41,17.69,10/03/2025,KID9078644459,20.217882,74.189295,176.1,HD-2781,2024-10-26,Rain-fed,Yes,322134,6442,XXXX6081XX,MAHB2257445,0.796,0.673,15.5,36.8,,,
MH-AS-DHU-10000007,anita.chavan70,Anita Chavan,Female,1973-04-30,53,OBC,XXXX-XXXX-5062,7933946060,Maharashtra,Dhule,Dhule,Dhule_Village_24,403145,251/26,5.54,Well-irrigated,Medium Black,Rain-fed,Urad Dal,Jowar,,Yes,,Yes,No,2023-10-21,Active,251/26,Verified,39303285822,Bhogtavadar Varg-1,0.0,10.73,25/02/2025,KID6565126161,20.927386,75.040209,132.8,Local Variety,2024-10-19,Rain-fed,Yes,162918,3258,XXXX7108XX,MAHB3679886,0.589,0.532,9.7,23.1,2024-10-09,68.3,Flagged
MH-AS-AMR-10000009,sadashiv.mahale30,Sadashiv Mahale,Male,1958-08-09,67,SC,XXXX-XXXX-6052,8115496501,Maharashtra,Amravati,Morshi,Morshi_Village_96,409188,13/21,11.74,Well-irrigated,Alluvial,Tank,Soybean,Moong Dal,,Yes,Canara Bank,Yes,No,2022-05-13,Inactive,13/21,Unverified,34783282817,Bhogtavadar Varg-1,0.34,21.23,20/08/2024,KID5825846227,21.111909,77.965048,193.3,JS-9305,2024-07-15,Rain-fed,No,0,0,XXXX7553XX,MAHB5599438,0.577,0.197,65.9,13.9,,,
MH-AS-AHM-10000012,lata.wagh29,Lata Wagh,Female,1999-05-22,26,SBC,XXXX-XXXX-4711,7239327092,Maharashtra,Ahmednagar,Sangamner,Sangamner_Village_1,423546,364/13,5.1,Irrigated,Black Cotton Soil,Rain-fed,Moong Dal,Jowar,,Yes,Maharashtra Gramin Bank,No,Yes,2022-11-21,Active,364/13,Verified,34776436931,Bhogtavadar Varg-1,0.0,9.43,16/02/2024,KID1310529288,18.929465,74.801034,127.4,Local Variety,2024-10-19,Irrigated,No,0,0,XXXX7412XX,MAHB8572339,0.797,0.684,14.2,23.7,2025-02-02,83.6,Approved
MH-AS-SAN-10000019,pushpa.wagh16,Pushpa Wagh,Female,1949-04-15,77,OBC,XXXX-XXXX-2665,8791329769,Maharashtra,Sangli,Sangli,Sangli_Village_86,424239,32/49,0.49,Rain-fed,Alluvial,River Lift,Jowar,Fig,Chilli,Yes,Bank of Baroda,No,Yes,2024-03-19,Active,32/49,Verified,36882074066,Bhogtavadar Varg-1,0.14,0.8,05/12/2024,KID2519310518,17.099041,74.617678,39.5,Phule Vasudha,2024-07-05,Rain-fed,Yes,9877,197,XXXX3216XX,MAHB2097194,0.711,0.607,14.6,19.2,2025-03-10,69.4,Pending Review
MH-AS-OSM-10000011,mangal.dhere17,Mangal Dhere,Female,1997-01-19,29,SBC,XXXX-XXXX-5919,8657411983,Maharashtra,Osmanabad,Tuljapur,Tuljapur_Village_27,406016,649/28,2.65,Canal-irrigated,Sandy Loam,Drip,Onion,Sesame,Maize,No,,Yes,No,2023-04-23,Pending,649/28,Pending,35972484792,Bhogtavadar Varg-1,0.0,5.04,18/04/2024,KID5443430634,18.470045,76.042268,91.8,Bhima Raj,2024-07-09,Rain-fed,No,0,0,XXXX4253XX,MAHB5768578,0.715,0.367,48.7,198.3,,,
MH-AS-NAS-10000006,shobha.mahale62,Shobha Mahale,Female,1950-10-02,75,NT,XXXX-XXXX-6000,7243745087,Maharashtra,Nashik,Yeola,Yeola_Village_61,423904,85/45,1.5,Rain-fed,Medium Black,Borewell,Tomato,Pomegranate,,Yes,DCCB Nashik,Yes,No,2022-08-07,Active,85/45,Verified,38316648259,Bhogtavadar Varg-1,0.0,2.48,24/11/2024,KID8790594753,19.807363,73.479001,69.1,Abhinav,2024-10-30,Rain-fed,Yes,54952,1099,XXXX7782XX,MAHB5711068,0.661,0.634,4.1,249.9,,,
MH-AS-NAN-10000010,rajesh.lokhande29,Rajesh Lokhande,Male,1980-06-19,45,SBC,XXXX-XXXX-3377,8350293573,Maharashtra,Nanded,Kinwat,Kinwat_Village_30,443098,249/47,7.54,Irrigated,Red Laterite,Well,Cotton,Banana,Turmeric,No,Canara Bank,Yes,No,2023-02-16,Active,249/47,Verified,39623534576,Bhogtavadar Varg-1,0.0,14.56,23/11/2024,KID3621101043,18.944477,77.415416,154.9,Bt-Hybrid,2024-06-26,Irrigated,No,0,0,XXXX8891XX,MAHB3411696,0.552,0.428,22.5,19.8,,,
MH-AS-SAT-10000015,vandana.lokhande42,Vandana Lokhande,Female,1992-05-19,34,General,XXXX-XXXX-4636,9627116363,Maharashtra,Satara,Karad,Karad_Village_3,441195,696/41,2.38,Semi-irrigated,Sandy Loam,Borewell,Strawberry,Fig,Pomegranate,Yes,,No,No,2023-03-04,Active,696/41,Verified,33849232839,Bhogtavadar Varg-1,0.0,4.55,01/11/2024,KID3353540594,17.64882,74.210746,87.0,Local Variety,2024-11-02,Rain-fed,No,0,0,XXXX2044XX,MAHB1332036,0.641,0.595,7.2,24.8,2024-10-08,83.9,Approved
MH-AS-NAN-10000011,arjun.patil91,Arjun Patil,Male,1955-07-20,70,SC,XXXX-XXXX-6729,7981027666,Maharashtra,Nanded,Bhokar,Bhokar_Village_71,433343,923/8,5.24,Canal-irrigated,Sandy Loam,Rain-fed,Banana,Sesame,,Yes,,No,Yes,2024-03-20,Active,923/8,Verified,35871743247,Bhogtavadar Varg-1,0.0,9.87,11/01/2024,KID7010995460,19.039828,77.537291,129.1,Grand Naine,2024-11-11,Rain-fed,No,0,0,XXXX6152XX,MAHB3935357,0.566,0.496,12.4,26.8,2024-12-28,44.2,Disbursed
MH-AS-LAT-10000010,geeta.gavit41,Geeta Gavit,Female,1976-10-01,49,General,XXXX-XXXX-8970,8062262880,Maharashtra,Latur,Renapur,Renapur_Village_69,420347,650/15,8.38,Rain-fed,Black Cotton Soil,Well,Maize,Groundnut,,Yes,DCCB Pune,No,Yes,2022-06-08,Inactive,650/15,Unverified,33376077463,Shasakiya,0.36,13.53,26/01/2024,KID1978519726,18.26557,76.94152,163.3,Ganga-11,2024-06-29,Rain-fed,Yes,225085,4501,XXXX8130XX,MAHB9769603,0.623,0.216,65.3,29.7,,,
MH-AS-PUN-10000010,ramesh.desai26,Ramesh Desai,Male,1950-03-26,76,General,XXXX-XXXX-7556,7070595567,Maharashtra,Pune,Haveli,Haveli_Village_4,413407,382/25,8.58,Well-irrigated,Sandy Loam,Well,Cauliflower,Garlic,,Yes,Bank of Maharashtra,No,Yes,2025-02-21,Active,382/25,Verified,36464693977,Bhogtavadar Varg-1,0.0,14.77,06/02/2025,KID7546043250,18.359416,74.14775,165.3,Local Variety,2024-11-14,Rain-fed,No,0,0,XXXX8169XX,MAHB8437480,0.79,0.755,4.4,26.7,,,
MH-AS-NAG-10000013,meena.thorat56,Meena Thorat,Female,1956-08-28,69,SC,XXXX-XXXX-7378,9713929130,Maharashtra,Nagpur,Katol,Katol_Village_84,420413,287/29,6.2,Irrigated,Medium Black,Canal,Chana Dal,Onion,Guava,Yes,Maharashtra Gramin Bank,Yes,No,2022-08-31,Inactive,287/29,Unverified,33597724331,Bhogtavadar Varg-1,0.0,10.57,19/06/2024,KID5259065050,21.08965,78.884152,140.5,Local Variety,2024-10-20,Irrigated,Yes,170056,3401,XXXX3795XX,MAHB3500980,0.759,0.378,50.2,26.4,,,
MH-AS-SOL-10000004,geeta.kulkarni31,Geeta Kulkarni,Female,1987-10-28,38,OBC,XXXX-XXXX-7251,9988175633,Maharashtra,Solapur,North Solapur,North Solapur_Village_18,418958,210/7,5.44,Canal-irrigated,Alluvial,Tank,Chana Dal,Tur Dal,Sugarcane,Yes,,No,Yes,2025-12-26,Active,210/7,Verified,38377088167,Bhogtavadar Varg-1,0.0,9.49,04/05/2024,KID1911232692,18.053094,75.819728,131.6,Local Variety,2024-10-25,Rain-fed,No,0,0,XXXX9820XX,MAHB8598871,0.684,0.484,29.2,25.5,2024-11-28,11.4,Approved
MH-AS-NAG-10000014,vandana.kulkarni22,Vandana Kulkarni,Female,2002-04-23,24,General,XXXX-XXXX-2195,7361475991,Maharashtra,Nagpur,Narkhed,Narkhed_Village_2,441624,79/32,2.74,Irrigated,Red Laterite,Drip,Moong Dal,Custard Apple,,Yes,Canara Bank,Yes,No,2025-06-26,Active,79/32,Verified,37393195616,Inam,0.0,4.48,05/03/2024,KID8077272938,21.321638,78.820959,93.4,Local Variety,2024-10-26,Irrigated,Yes,75251,1505,XXXX6695XX,MAHB4360590,0.601,0.518,13.8,23.4,,,
MH-AS-SAT-10000016,yamuna.thorat74,Yamuna Thorat,Female,1950-11-23,75,NT,XXXX-XXXX-6709,7552864779,Maharashtra,Satara,Satara,Satara_Village_69,435039,175/47,3.34,Canal-irrigated,Sandy Loam,River Lift,Banana,Strawberry,,No,,No,Yes,2022-04-03,Active,175/47,Verified,34633987776,Bhogtavadar Varg-1,0.38,6.6,06/02/2025,KID3436025404,18.051845,73.72922,103.1,Grand Naine,2024-11-05,Rain-fed,No,0,0,XXXX6983XX,MAHB8402999,0.623,0.557,10.6,23.3,2024-10-19,28.2,Approved
MH-AS-SAT-10000017,mangal.mahale42,Mangal Mahale,Female,2002-02-07,24,ST,XXXX-XXXX-9180,7570147820,Maharashtra,Satara,Wai,Wai_Village_87,410324,106/46,0.86,Canal-irrigated,Alluvial,Rain-fed,Onion,Bajra,Jowar,No,State Bank of India,No,No,2025-03-28,Inactive,106/46,Unverified,39986353481,Bhogtavadar Varg-2,0.09,1.57,16/10/2024,KID2867071194,17.980831,73.630104,52.3,Bhima Raj,2024-06-22,Rain-fed,No,0,0,XXXX8690XX,MAHB4960243,0.7,0.297,57.6,201.0,,,
MH-AS-PUN-10000011,savita.dhere36,Savita Dhere,Female,1951-07-28,74,OBC,XXXX-XXXX-7967,9494465912,Maharashtra,Pune,Maval,Maval_Village_73,431213,248/36,7.46,Rain-fed,Black Cotton Soil,Rain-fed,Maize,Turmeric,Cabbage,Yes,State Bank of India,No,Yes,2024-03-15,Active,248/36,Verified,32188332531,Bhogtavadar Varg-2,0.0,12.85,15/04/2024,KID1867738507,18.373898,73.837504,154.1,Ganga-11,2024-06-21,Rain-fed,Yes,175257,3505,XXXX4048XX,MAHB6078593,0.65,0.477,26.6,31.7,,,
MH-AS-PUN-10000012,vandana.kulkarni45,Vandana Kulkarni,Female,1963-06-03,62,General,XXXX-XXXX-2685,7263845756,Maharashtra,Pune,Mulshi,Mulshi_Village_90,422627,869/48,3.76,Irrigated,Red Laterite,Tank,Wheat,Maize,Grapes,Yes,Maharashtra Gramin Bank,No,No,2022-05-07,Active,869/48,Verified,35310195918,Bhogtavadar Varg-1,0.0,6.61,05/02/2024,KID2290514673,18.69375,74.015022,109.4,HD-2781,2024-11-05,Irrigated,Yes,111266,2225,XXXX1591XX,MAHB1710365,0.712,0.563,20.9,35.5,,,
MH-AS-JAL-10000009,vandana.gaikwad29,Vandana Gaikwad,Female,1967-06-29,58,OBC,XXXX-XXXX-2215,9171363144,Maharashtra,Jalgaon,Pachora,Pachora_Village_36,435860,919/30,5.63,Rain-fed,Black Cotton Soil,Borewell,Papaya,Groundnut,,No,Maharashtra Gramin Bank,Yes,No,2023-06-06,Inactive,919/30,Unverified,34311931853,Bhogtavadar Varg-2,0.0,10.02,28/02/2025,KID2093493873,20.829357,75.222468,133.9,Local Variety,2024-10-23,Rain-fed,Yes,149642,2992,XXXX3432XX,MAHB5430596,0.713,0.328,54.0,25.6,,,
MH-AS-KOL-10000009,pushpa.more19,Pushpa More,Female,1998-05-06,28,SBC,XXXX-XXXX-6210,7543103506,Maharashtra,Kolhapur,Hatkanangle,Hatkanangle_Village_4,421393,121/41,3.43,Semi-irrigated,Black Cotton Soil,Borewell,Turmeric,Banana,Paddy,No,State Bank of India,No,No,2022-11-05,Active,121/41,Verified,32125089309,Bhogtavadar Varg-1,0.0,6.31,26/01/2025,KID2849536791,16.382732,73.843314,104.5,Salem,2024-06-23,Rain-fed,Yes,157411,3148,XXXX1550XX,MAHB4052847,0.572,0.535,6.5,26.0,,,
MH-AS-DHU-10000008,mangal.chavan39,Mangal Chavan,Female,1982-07-20,43,SBC,XXXX-XXXX-3957,8468948258,Maharashtra,Dhule,Shirpur,Shirpur_Village_50,421622,943/20,9.26,Irrigated,Alluvial,Borewell,Watermelon,Bajra,Chana Dal,No,,No,Yes,2024-09-19,Active,943/20,Verified,38478529823,Bhogtavadar Varg-1,0.0,16.73,10/10/2024,KID3764117178,21.115824,74.483429,171.7,Local Variety,2024-10-22,Irrigated,No,0,0,XXXX6311XX,MAHB1867665,0.733,0.62,15.4,25.1,,,
MH-AS-JAL-10000010,mahesh.dhere15,Mahesh Dhere,Male,1975-07-07,50,SC,XXXX-XXXX-1377,9273005513,Maharashtra,Jalgaon,Amalner,Amalner_Village_76,404305,379/8,4.69,Canal-irrigated,Medium Black,Borewell,Maize,Watermelon,Groundnut,Yes,,Yes,No,2025-07-03,Inactive,379/8,Unverified,31041531046,Bhogtavadar Varg-1,0.0,9.23,16/04/2024,KID7455241722,21.259326,75.384189,122.2,Ganga-11,2024-07-04,Rain-fed,No,0,0,XXXX4920XX,MAHB5425454,0.681,0.385,43.5,29.2,,,
MH-AS-NAS-10000007,vitthal.thorat26,Vitthal Thorat,Male,1993-03-12,33,General,XXXX-XXXX-3440,8466436154,Maharashtra,Nashik,Dindori,Dindori_Village_64,410699,515/45,4.72,Canal-irrigated,Medium Black,Drip,Peas,Onion,Methi,No,Union Bank,No,No,2023-08-11,Inactive,515/45,Unverified,34882343658,Bhogtavadar Varg-1,0.37,8.49,27/10/2024,KID9489686673,19.746372,73.760912,122.6,Local Variety,2024-10-31,Rain-fed,Yes,114645,2292,XXXX7613XX,MAHB7999150,0.737,0.216,70.7,25.5,,,
MH-AS-KOL-10000010,savita.nirmal76,Savita Nirmal,Female,1978-05-02,48,ST,XXXX-XXXX-1194,9365252285,Maharashtra,Kolhapur,Shirol,Shirol_Village_19,437941,593/12,6.55,Irrigated,Medium Black,Rain-fed,Colocasia,Cardamom,,Yes,DCCB Nashik,Yes,Yes,2023-01-07,Active,593/12,Verified,33343292475,Bhogtavadar Varg-1,0.09,13.08,20/04/2024,KID1317923298,16.895245,74.520759,144.4,Local Variety,2024-11-02,Irrigated,Yes,159015,3180,XXXX2808XX,MAHB9467863,0.593,0.405,31.7,23.1,,,
MH-AS-AUR-10000012,geeta.gavit17,Geeta Gavit,Female,1969-06-25,56,OBC,XXXX-XXXX-3407,9791173375,Maharashtra,Aurangabad,Gangapur,Gangapur_Village_72,404345,793/7,9.8,Semi-irrigated,Medium Black,Well,Onion,Sweet Lime,Castor,No,,Yes,No,2024-01-11,Active,793/7,Verified,38879525611,Bhogtavadar Varg-2,0.41,19.02,20/02/2025,KID3526419652,19.893097,75.175273,176.6,Bhima Raj,2024-06-18,Rain-fed,Yes,470838,9416,XXXX6115XX,MAHB6459278,0.699,0.628,10.2,200.4,2024-12-31,14.3,Approved
MH-AS-DHU-10000009,bharat.bhosale71,Bharat Bhosale,Male,1958-01-25,68,SC,XXXX-XXXX-9938,8688057107,Maharashtra,Dhule,Sindkheda,Sindkheda_Village_51,404814,270/24,1.75,Semi-irrigated,Medium Black,Tank,Soybean,Linseed,Jowar,No,,Yes,Yes,2024-06-11,Active,270/24,Verified,35931025271,Bhogtavadar Varg-1,0.42,2.95,21/03/2025,KID6760917889,20.843589,75.138797,74.6,JS-9305,2024-07-08,Rain-fed,Yes,45406,908,XXXX2190XX,MAHB3673453,0.55,0.358,34.9,12.4,,,
MH-AS-KOL-10000011,suresh.thorat27,Suresh Thorat,Male,2002-02-14,24,General,XXXX-XXXX-4855,8545981768,Maharashtra,Kolhapur,Radhanagari,Radhanagari_Village_21,407477,104/7,8.7,Irrigated,Sandy Loam,Well,Turmeric,Jackfruit,,No,Maharashtra Gramin Bank,No,Yes,2023-12-19,Active,104/7,Verified,31547374338,Bhogtavadar Varg-1,0.26,17.16,29/04/2024,KID5862282005,16.946224,74.149141,166.4,Salem,2024-07-10,Irrigated,Yes,474280,9485,XXXX6761XX,MAHB7407339,0.765,0.69,9.8,25.5,2025-01-21,20.8,Approved
MH-AS-SAN-10000020,geeta.mane41,Geeta Mane,Female,1977-01-11,49,ST,XXXX-XXXX-1567,9192395282,Maharashtra,Sangli,Sangli,Sangli_Village_60,430027,117/17,6.84,Canal-irrigated,Black Cotton Soil,Tank,Pomegranate,Castor,,No,Maharashtra Gramin Bank,Yes,No,2023-08-10,Active,117/17,Verified,36618926823,Bhogtavadar Varg-1,0.01,11.26,17/06/2024,KID5685783661,17.009231,74.522002,147.6,Bhagwa,2024-10-30,Rain-fed,Yes,730101,14602,XXXX5328XX,MAHB2159425,0.703,0.546,22.3,25.6,,,
MH-AS-PUN-10000013,vilas.shinde48,Vilas Shinde,Male,1969-11-18,56,SC,XXXX-XXXX-4956,9323334766,Maharashtra,Pune,Shirur,Shirur_Village_46,440786,520/20,7.26,Canal-irrigated,Red Laterite,Rain-fed,Cabbage,Capsicum,Onion,Yes,,No,No,2025-08-31,Active,520/20,Verified,34696689457,Bhogtavadar Varg-1,0.15,13.99,31/01/2025,KID3155911792,18.743713,73.68525,152.0,Local Variety,2024-11-06,Rain-fed,Yes,205174,4103,XXXX2091XX,MAHB8577068,0.567,0.499,12.0,23.6,,,
MH-AS-NAN-10000012,vikram.kulkarni79,Vikram Kulkarni,Male,1971-03-07,55,General,XXXX-XXXX-5740,9633648238,Maharashtra,Nanded,Nanded,Nanded_Village_65,426282,316/26,2.7,Irrigated,Medium Black,Drip,Sugarcane,Chilli,,Yes,Bank of Baroda,No,Yes,2025-11-25,Active,316/26,Verified,39155819200,Bhogtavadar Varg-2,0.31,4.73,16/03/2024,KID7755476146,19.07025,77.416748,92.7,Co-86032,2024-07-03,Irrigated,No,0,0,XXXX1625XX,MAHB3222022,0.632,0.533,15.7,698.9,,,
MH-AS-SOL-10000005,shyam.pawar36,Shyam Pawar,Male,1959-06-20,66,ST,XXXX-XXXX-1297,8064887922,Maharashtra,Solapur,South Solapur,South Solapur_Village_21,438322,951/24,10.49,Well-irrigated,Medium Black,Tank,Bajra,Onion,Sunflower,Yes,Bank of Maharashtra,Yes,No,2025-09-20,Active,951/24,Verified,35736462531,Bhogtavadar Varg-1,0.0,20.47,07/02/2025,KID4671059927,17.410236,76.089644,182.7,GHB-732,2024-06-19,Rain-fed,Yes,175922,3518,XXXX5300XX,MAHB9153266,0.66,0.586,11.2,15.4,,,
MH-AS-AUR-10000013,yamuna.nirmal50,Yamuna Nirmal,Female,1990-04-12,36,OBC,XXXX-XXXX-8479,8288233385,Maharashtra,Aurangabad,Kannad,Kannad_Village_75,431531,210/25,11.2,Canal-irrigated,Black Cotton Soil,River Lift,Chana Dal,Sugarcane,,No,DCCB Nashik,Yes,Yes,2024-07-06,Active,210/25,Verified,34993808565,Bhogtavadar Varg-1,0.32,21.81,01/11/2024,KID4438746906,20.009412,75.732333,188.8,Local Variety,2024-10-30,Rain-fed,Yes,283828,5676,XXXX3374XX,MAHB4157134,0.641,0.486,24.2,23.3,2025-04-05,77.7,Approved
MH-AS-SAN-10000021,dnyanoba.thorat21,Dnyanoba Thorat,Male,1971-12-03,54,OBC,XXXX-XXXX-3803,9339779360,Maharashtra,Sangli,Jat,Jat_Village_62,431484,193/15,3.4,Well-irrigated,Sandy Loam,Well,Pomegranate,Chilli,Turmeric,No,,No,No,2024-10-13,Active,193/15,Verified,34713453204,Bhogtavadar Varg-1,0.0,6.54,02/01/2024,KID5873129228,17.030025,74.680682,104.0,Bhagwa,2024-10-23,Rain-fed,No,0,0,XXXX5397XX,MAHB2410189,0.627,0.601,4.1,24.5,2025-04-10,63.2,Flagged
MH-AS-KOL-10000012,usha.mahale67,Usha Mahale,Female,1983-02-11,43,General,XXXX-XXXX-6139,7935118557,Maharashtra,Kolhapur,Kagal,Kagal_Village_60,420723,693/43,0.95,Well-irrigated,Red Laterite,Canal,Turmeric,Wheat,,No,DCCB Pune,Yes,No,2022-09-08,Pending,693/43,Pending,34482238042,Bhogtavadar Varg-1,0.0,1.82,21/05/2024,KID2066955590,16.774998,74.364328,55.0,Salem,2024-07-05,Rain-fed,Yes,46191,923,XXXX5271XX,MAHB6495657,0.812,0.522,35.7,24.8,,,
MH-AS-AHM-10000013,geeta.kadam79,Geeta Kadam,Female,1984-03-08,42,SC,XXXX-XXXX-3479,8877878599,Maharashtra,Ahmednagar,Rahuri,Rahuri_Village_72,432365,967/21,0.88,Irrigated,Medium Black,Canal,Grapes,Maize,,No,Bank of Maharashtra,No,No,2024-12-27,Active,967/21,Verified,39080621072,Bhogtavadar Varg-1,0.0,1.52,15/03/2025,KID2101782397,19.461581,74.435997,52.9,Thompson Seedless,2024-10-23,Irrigated,Yes,125187,2503,XXXX8448XX,MAHB8399342,0.624,0.572,8.3,24.6,,,
MH-AS-JAL-10000011,anil.mahale48,Anil Mahale,Male,1964-12-11,61,ST,XXXX-XXXX-5945,9252236358,Maharashtra,Jalgaon,Bhusawal,Bhusawal_Village_28,435335,639/8,5.36,Irrigated,Sandy Loam,Tank,Tur Dal,Groundnut,Soybean,No,Bank of Baroda,No,No,2025-03-17,Inactive,639/8,Unverified,31106456634,Bhogtavadar Varg-2,0.39,8.75,15/03/2024,KID3333118014,21.318136,75.420064,130.6,Local Variety,2024-10-29,Irrigated,Yes,147301,2946,XXXX2922XX,MAHB7546412,0.801,0.356,55.6,25.5,,,
MH-AS-AMR-10000010,popat.kale82,Popat Kale,Male,1998-05-16,28,General,XXXX-XXXX-3385,8336781063,Maharashtra,Amravati,Chandur Bazar,Chandur Bazar_Village_21,431766,256/25,10.08,Well-irrigated,Red Laterite,Canal,Wheat,Linseed,,Yes,Bank of Baroda,No,Yes,2022-07-28,Active,256/25,Verified,39292791081,Bhogtavadar Varg-1,0.0,17.75,07/03/2024,KID2008200646,20.536947,77.537874,179.1,HD-2781,2024-11-14,Rain-fed,Yes,345616,6912,XXXX8340XX,MAHB8959963,0.69,0.547,20.7,35.9,,,
MH-AS-AUR-10000014,savita.gavit31,Savita Gavit,Female,1950-01-12,76,OBC,XXXX-XXXX-6029,9522607107,Maharashtra,Aurangabad,Paithan,Paithan_Village_78,413915,460/50,10.04,Irrigated,Sandy Loam,Rain-fed,Sugarcane,Onion,,Yes,,No,No,2023-04-12,Active,460/50,Verified,34482141802,Shasakiya,0.0,16.76,03/10/2024,KID3252668232,19.896707,75.386147,178.8,Co-86032,2024-07-12,Irrigated,Yes,680116,13602,XXXX5907XX,MAHB4591882,0.598,0.439,26.6,699.6,,,
MH-AS-OSM-10000012,sita.desai23,Sita Desai,Female,1950-03-08,76,OBC,XXXX-XXXX-9274,9662713755,Maharashtra,Osmanabad,Paranda,Paranda_Village_15,433828,876/23,10.34,Irrigated,Black Cotton Soil,Tank,Soybean,Pomegranate,Moong Dal,Yes,DCCB Nashik,Yes,Yes,2023-08-26,Active,876/23,Verified,32145921803,Bhogtavadar Varg-1,0.0,19.42,08/05/2024,KID7103136578,18.223832,76.111522,181.4,JS-9305,2024-07-13,Irrigated,No,0,0,XXXX4482XX,MAHB1707463,0.576,0.472,18.1,13.1,,,
MH-AS-SAT-10000018,naresh.lokhande98,Naresh Lokhande,Male,1998-03-04,28,SBC,XXXX-XXXX-6382,9056025179,Maharashtra,Satara,Patan,Patan_Village_51,430215,972/35,2.42,Canal-irrigated,Medium Black,Tank,Groundnut,Onion,,Yes,Union Bank,No,Yes,2022-04-05,Inactive,972/35,Unverified,35759234471,Bhogtavadar Varg-1,0.0,4.21,12/02/2025,KID1311309057,17.306238,74.41768,87.8,TAG-24,2024-06-20,Rain-fed,Yes,70100,1402,XXXX7476XX,MAHB8823017,0.801,0.539,32.7,19.8,,,
MH-AS-OSM-10000013,dattatray.nirmal58,Dattatray Nirmal,Male,1987-03-04,39,NT,XXXX-XXXX-4469,8526150919,Maharashtra,Osmanabad,Tuljapur,Tuljapur_Village_63,418187,792/15,10.12,Rain-fed,Black Cotton Soil,Borewell,Soybean,Sunflower,,No,,No,Yes,2022-09-27,Active,792/15,Verified,34745927824,Bhogtavadar Varg-1,0.18,20.14,30/03/2024,KID6370845373,18.127105,75.766639,179.5,JS-9305,2024-06-21,Rain-fed,No,0,0,XXXX9888XX,MAHB3153119,0.725,0.643,11.3,13.3,2025-01-14,46.8,Approved
MH-AS-SAN-10000022,sunita.bhosale20,Sunita Bhosale,Female,1998-04-06,28,General,XXXX-XXXX-4271,9957027208,Maharashtra,Sangli,Jat,Jat_Village_15,438475,843/27,10.86,Rain-fed,Red Laterite,Tank,Chilli,Grapes,Sugarcane,No,,Yes,Yes,2023-12-08,Active,843/27,Verified,38982597239,Shasakiya,0.32,20.16,26/02/2024,KID6730298400,16.630734,74.758839,185.9,LCA-334,2024-07-14,Rain-fed,Yes,282571,5651,XXXX1163XX,MAHB4772846,0.562,0.504,10.3,24.6,,,
MH-AS-KOL-10000013,mamta.thorat51,Mamta Thorat,Female,1984-10-26,41,General,XXXX-XXXX-6872,8539697020,Maharashtra,Kolhapur,Karvir,Karvir_Village_84,405574,804/49,5.85,Semi-irrigated,Black Cotton Soil,River Lift,Coconut,Soybean,,No,,No,Yes,2024-01-19,Active,804/49,Verified,31955345537,Shasakiya,0.0,11.28,04/12/2024,KID1812129983,16.571593,74.293495,136.5,Local Variety,2024-11-03,Rain-fed,Yes,142292,2845,XXXX3148XX,MAHB5075236,0.628,0.443,29.5,25.6,2025-03-17,86.7,Approved
MH-AS-SOL-10000006,meena.thorat61,Meena Thorat,Female,1966-03-31,60,OBC,XXXX-XXXX-3889,9172544336,Maharashtra,Solapur,Barshi,Barshi_Village_34,410354,87/31,1.61,Canal-irrigated,Black Cotton Soil,Tank,Urad Dal,Moong Dal,,Yes,,No,Yes,2024-06-08,Inactive,87/31,Unverified,37271954644,Bhogtavadar Varg-1,0.0,2.66,19/03/2025,KID5459206769,18.049156,75.878668,71.6,Local Variety,2024-10-24,Rain-fed,Yes,45740,914,XXXX1811XX,MAHB7120939,0.617,0.096,84.4,26.3,,,
MH-AS-AUR-10000015,popat.surve57,Popat Surve,Male,1969-03-07,57,OBC,XXXX-XXXX-9057,9846378311,Maharashtra,Aurangabad,Kannad,Kannad_Village_24,418932,219/42,9.14,Semi-irrigated,Alluvial,Tank,Moong Dal,Niger Seed,Tomato,No,State Bank of India,Yes,Yes,2024-05-09,Active,219/42,Verified,31977515194,Bhogtavadar Varg-2,0.0,17.78,14/01/2024,KID5561914282,19.924472,75.191498,170.6,Local Variety,2024-11-08,Rain-fed,No,0,0,XXXX6676XX,MAHB3982020,0.793,0.661,16.6,26.6,2025-01-24,78.9,Approved
MH-AS-PUN-10000014,anil.chavan79,Anil Chavan,Male,1998-08-12,27,SC,XXXX-XXXX-1368,7952671417,Maharashtra,Pune,Purandar,Purandar_Village_69,422088,322/11,11.17,Irrigated,Black Cotton Soil,Tank,Onion,Chilli,,No,,Yes,No,2025-07-29,Active,322/11,Verified,39691572571,Bhogtavadar Varg-2,0.0,21.99,08/03/2024,KID9804564796,18.702868,74.033228,188.6,Bhima Raj,2024-06-15,Irrigated,Yes,455203,9104,XXXX9037XX,MAHB5173850,0.761,0.601,21.0,201.9,,,
MH-AS-SAN-10000023,savita.yadav83,Savita Yadav,Female,1958-01-10,68,ST,XXXX-XXXX-2873,8762944347,Maharashtra,Sangli,Miraj,Miraj_Village_32,400251,456/14,5.05,Irrigated,Sandy Loam,Tank,Onion,Pomegranate,Grapes,No,State Bank of India,Yes,Yes,2025-05-15,Active,456/14,Verified,36124453431,Bhogtavadar Varg-1,0.04,9.06,08/01/2024,KID2257795741,16.767373,74.483098,126.8,Bhima Raj,2024-07-01,Irrigated,No,0,0,XXXX3682XX,MAHB8324097,0.556,0.498,10.4,201.8,,,
MH-AS-JAL-10000012,mamta.lokhande95,Mamta Lokhande,Female,2000-09-15,25,NT,XXXX-XXXX-7693,8331868784,Maharashtra,Jalgaon,Amalner,Amalner_Village_30,432766,667/28,1.34,Well-irrigated,Sandy Loam,Tank,Watermelon,Papaya,Soybean,Yes,Maharashtra Gramin Bank,No,Yes,2022-07-07,Active,667/28,Verified,36704841644,Bhogtavadar Varg-1,0.0,2.47,02/07/2024,KID2094857334,21.147586,75.702291,65.3,Local Variety,2024-10-29,Rain-fed,Yes,37614,752,XXXX2804XX,MAHB8918114,0.551,0.498,9.6,25.6,,,
MH-AS-LAT-10000011,lalita.yadav44,Lalita Yadav,Female,1967-02-01,59,ST,XXXX-XXXX-2312,9012520636,Maharashtra,Latur,Udgir,Udgir_Village_61,409512,756/15,11.68,Canal-irrigated,Sandy Loam,Canal,Onion,Tomato,Moong Dal,No,,No,Yes,2022-05-28,Pending,756/15,Pending,34712367625,Bhogtavadar Varg-1,0.36,22.26,08/02/2025,KID2268442827,18.686873,76.93624,192.8,Bhima Raj,2024-06-23,Rain-fed,No,0,0,XXXX5089XX,MAHB4262849,0.617,0.418,32.3,200.9,,,
MH-AS-OSM-10000014,ratan.kadam53,Ratan Kadam,Male,1990-03-11,36,ST,XXXX-XXXX-1892,7953293608,Maharashtra,Osmanabad,Paranda,Paranda_Village_9,421053,97/1,11.75,Rain-fed,Alluvial,River Lift,Chilli,Chana Dal,,No,Bank of Baroda,Yes,No,2022-09-06,Active,97/1,Verified,36493800024,Bhogtavadar Varg-1,0.0,19.62,07/02/2025,KID8411787024,18.02374,75.911201,193.4,LCA-334,2024-06-15,Rain-fed,No,0,0,XXXX1882XX,MAHB1015511,0.756,0.736,2.6,23.5,,,
MH-AS-NAG-10000015,lalita.gavit89,Lalita Gavit,Female,1955-03-14,71,SC,XXXX-XXXX-8707,8866369685,Maharashtra,Nagpur,Hingna,Hingna_Village_69,401639,163/6,2.63,Rain-fed,Red Laterite,Borewell,Tur Dal,Moong Dal,,Yes,,No,No,2022-09-25,Pending,163/6,Pending,37597996327,Shasakiya,0.0,4.74,01/05/2024,KID1489953560,21.035767,79.147249,91.5,Local Variety,2024-11-11,Rain-fed,Yes,63878,1277,XXXX8879XX,MAHB1963906,0.583,0.274,53.0,25.0,,,
MH-AS-LAT-10000012,arjun.surve98,Arjun Surve,Male,1986-08-24,39,ST,XXXX-XXXX-6224,9335693899,Maharashtra,Latur,Chakur,Chakur_Village_32,409219,985/43,8.07,Irrigated,Sandy Loam,Well,Jowar,Sunflower,Onion,Yes,,Yes,Yes,2022-07-12,Active,985/43,Verified,35033992825,Shasakiya,0.0,14.2,28/10/2024,KID6774879958,18.23901,76.636818,160.3,Phule Vasudha,2024-06-26,Irrigated,Yes,171824,3436,XXXX1142XX,MAHB4233272,0.565,0.491,13.1,17.3,,,
MH-AS-AMR-10000011,rukhmini.thorat76,Rukhmini Thorat,Female,1964-03-17,62,NT,XXXX-XXXX-9271,9615459783,Maharashtra,Amravati,Daryapur,Daryapur_Village_82,414293,845/14,0.64,Semi-irrigated,Alluvial,Borewell,Urad Dal,Moong Dal,,No,Maharashtra Gramin Bank,No,Yes,2024-12-07,Active,845/14,Verified,39462806178,Bhogtavadar Varg-1,0.31,1.06,14/06/2024,KID2118315482,20.958391,77.50464,45.1,Local Variety,2024-10-15,Rain-fed,Yes,16889,337,XXXX9468XX,MAHB5505439,0.681,0.571,16.2,26.7,,,
MH-AS-AHM-10000014,lalita.kulkarni22,Lalita Kulkarni,Female,2000-03-04,26,SC,XXXX-XXXX-3761,8563774178,Maharashtra,Ahmednagar,Kopargaon,Kopargaon_Village_1,421003,40/25,3.1,Semi-irrigated,Red Laterite,River Lift,Wheat,Pomegranate,Groundnut,No,,Yes,No,2024-12-21,Inactive,40/25,Unverified,32140169349,Bhogtavadar Varg-1,0.03,5.42,09/01/2024,KID2943016890,19.316215,74.961255,99.3,HD-2781,2024-11-08,Rain-fed,No,0,0,XXXX4003XX,MAHB2908757,0.725,0.426,41.2,36.2,,,
MH-AS-SAT-10000019,bharat.lokhande30,Bharat Lokhande,Male,1960-08-21,65,SBC,XXXX-XXXX-8294,8722573244,Maharashtra,Satara,Satara,Satara_Village_59,406344,824/47,5.12,Canal-irrigated,Sandy Loam,Drip,Onion,Wheat,Strawberry,No,,Yes,Yes,2024-11-07,Active,824/47,Verified,37161404428,Bhogtavadar Varg-1,0.0,8.33,30/03/2024,KID5411866773,17.354528,74.090431,127.7,Bhima Raj,2024-07-14,Rain-fed,Yes,216253,4325,XXXX5605XX,MAHB2063580,0.701,0.508,27.5,198.2,,,
MH-AS-KOL-10000014,vitthal.more75,Vitthal More,Male,1949-11-07,76,SC,XXXX-XXXX-2130,8834253271,Maharashtra,Kolhapur,Karvir,Karvir_Village_91,423717,329/4,6.73,Rain-fed,Black Cotton Soil,Well,Banana,Tomato,Bhendi (Okra),Yes,Bank of Maharashtra,No,No,2025-07-05,Inactive,329/4,Unverified,36642201119,Bhogtavadar Varg-2,0.49,10.84,15/05/2024,KID1994713683,16.815305,73.923451,146.4,Grand Naine,2024-10-27,Rain-fed,No,0,0,XXXX9967XX,MAHB3880959,0.572,0.205,64.2,23.7,,,
MH-AS-NAS-10000008,vilas.shinde85,Vilas Shinde,Male,1973-01-31,53,ST,XXXX-XXXX-2372,7779324992,Maharashtra,Nashik,Dindori,Dindori_Village_2,432310,522/6,9.65,Semi-irrigated,Sandy Loam,Canal,Cucumber,Tomato,,Yes,,No,Yes,2024-10-25,Active,522/6,Verified,33196545325,Shasakiya,0.0,15.96,27/01/2024,KID3612485297,19.780588,73.97458,175.3,Local Variety,2024-11-08,Rain-fed,Yes,264310,5286,XXXX2529XX,MAHB7368570,0.605,0.513,15.2,24.4,2024-10-13,65.6,Pending Review
MH-AS-AMR-10000012,sadashiv.mane24,Sadashiv Mane,Male,1984-11-08,41,General,XXXX-XXXX-4675,9634122583,Maharashtra,Amravati,Chandur Bazar,Chandur Bazar_Village_26,428261,521/38,3.77,Semi-irrigated,Red Laterite,Borewell,Linseed,Urad Dal,Orange,No,State Bank of India,No,No,2024-03-28,Inactive,521/38,Unverified,33476426797,Shasakiya,0.38,7.48,05/03/2024,KID2630323741,20.717782,77.502755,109.5,Local Variety,2024-10-19,Rain-fed,Yes,92462,1849,XXXX1863XX,MAHB9456854,0.739,0.315,57.4,24.0,,,
MH-AS-NAN-10000013,rajesh.patil73,Rajesh Patil,Male,1985-01-10,41,ST,XXXX-XXXX-2975,8856384243,Maharashtra,Nanded,Bhokar,Bhokar_Village_64,435845,61/13,9.88,Canal-irrigated,Alluvial,Well,Maize,Sugarcane,Jowar,No,Canara Bank,No,Yes,2024-12-01,Active,61/13,Verified,32094024844,Bhogtavadar Varg-2,0.0,17.98,14/01/2025,KID2611756579,18.817718,77.343119,177.3,Ganga-11,2024-07-04,Rain-fed,Yes,254250,5085,XXXX2583XX,MAHB7924678,0.593,0.504,15.0,31.2,,,
MH-AS-NAG-10000016,vilas.jadhav91,Vilas Jadhav,Male,1977-10-28,48,ST,XXXX-XXXX-4928,8844951886,Maharashtra,Nagpur,Narkhed,Narkhed_Village_26,405447,734/26,10.31,Rain-fed,Black Cotton Soil,Rain-fed,Cotton,Orange,,No,Canara Bank,Yes,Yes,2022-04-16,Active,734/26,Verified,38339176912,Bhogtavadar Varg-1,0.0,20.48,03/08/2024,KID3312044690,21.540968,79.073875,181.2,Bt-Hybrid,2024-07-02,Rain-fed,Yes,605297,12105,XXXX6150XX,MAHB1231559,0.567,0.417,26.5,20.0,,,
MH-AS-NAN-10000014,pushpa.kadam90,Pushpa Kadam,Female,1954-08-07,71,OBC,XXXX-XXXX-3229,7578618761,Maharashtra,Nanded,Bhokar,Bhokar_Village_40,426413,843/17,7.27,Canal-irrigated,Alluvial,Rain-fed,Chana Dal,Soybean,Tur Dal,Yes,Maharashtra Gramin Bank,Yes,Yes,2023-05-12,Active,843/17,Verified,39597198563,Bhogtavadar Varg-1,0.02,12.89,26/09/2024,KID4349203845,19.374346,77.585867,152.1,Local Variety,2024-10-23,Rain-fed,Yes,189712,3794,XXXX6161XX,MAHB2806678,0.677,0.508,25.0,25.6,,,
MH-AS-NAN-10000015,mohan.kulkarni15,Mohan Kulkarni,Male,1976-10-31,49,ST,XXXX-XXXX-5569,7790301142,Maharashtra,Nanded,Bhokar,Bhokar_Village_17,436825,856/33,4.91,Irrigated,Medium Black,Canal,Cotton,Onion,Tomato,Yes,DCCB Pune,No,Yes,2025-04-24,Active,856/33,Verified,33880327491,Bhogtavadar Varg-1,0.0,8.47,28/02/2024,KID1092498444,19.152497,77.050573,125.0,Bt-Hybrid,2024-07-02,Irrigated,No,0,0,XXXX3761XX,MAHB9499968,0.73,0.707,3.2,18.2,2024-12-05,32.6,Pending Review
MH-AS-NAN-10000016,suresh.thorat17,Suresh Thorat,Male,1987-08-06,38,NT,XXXX-XXXX-3426,8898770285,Maharashtra,Nanded,Kinwat,Kinwat_Village_72,443469,558/18,10.01,Rain-fed,Black Cotton Soil,River Lift,Sunflower,Moong Dal,,No,,Yes,Yes,2023-05-05,Active,558/18,Verified,36859286614,Shasakiya,0.17,18.04,16/01/2025,KID1755666725,18.855479,77.506815,178.5,Local Variety,2024-10-17,Rain-fed,No,0,0,XXXX4561XX,MAHB6596987,0.634,0.448,29.3,24.2,2024-10-09,52.4,Approved
MH-AS-OSM-10000015,anil.dhere74,Anil Dhere,Male,1998-06-27,27,General,XXXX-XXXX-1744,8262191432,Maharashtra,Osmanabad,Tuljapur,Tuljapur_Village_43,422966,448/44,5.09,Rain-fed,Red Laterite,Drip,Bajra,Wheat,Jowar,No,Canara Bank,No,Yes,2025-09-28,Active,448/44,Verified,34642197907,Bhogtavadar Varg-1,0.25,9.04,02/02/2024,KID6248961800,18.413318,75.975796,127.3,GHB-732,2024-06-19,Rain-fed,Yes,99491,1989,XXXX5846XX,MAHB2674983,0.621,0.424,31.7,15.3,,,
MH-AS-PUN-10000015,vandana.kulkarni86,Vandana Kulkarni,Female,1996-08-16,29,NT,XXXX-XXXX-3086,8099335722,Maharashtra,Pune,Bhor,Bhor_Village_87,440270,737/27,7.77,Semi-irrigated,Red Laterite,Borewell,Chilli,Ginger,,Yes,Maharashtra Gramin Bank,No,No,2022-07-24,Active,737/27,Verified,37049001493,Bhogtavadar Varg-1,0.0,12.76,31/08/2024,KID7960985040,18.5551,73.825277,157.3,LCA-334,2024-06-27,Rain-fed,Yes,205488,4109,XXXX3822XX,MAHB9911376,0.688,0.581,15.6,25.6,2025-02-06,14.5,Approved
MH-AS-NAN-10000017,shankar.kulkarni14,Shankar Kulkarni,Male,1996-02-05,30,OBC,XXXX-XXXX-3156,8291037791,Maharashtra,Nanded,Bhokar,Bhokar_Village_16,413631,598/49,4.02,Well-irrigated,Medium Black,River Lift,Soybean,Jowar,Sesame,No,DCCB Nashik,Yes,Yes,2023-01-30,Active,598/49,Verified,31546696950,Bhogtavadar Varg-1,0.0,7.46,17/08/2024,KID9892551953,19.074335,77.582365,113.1,JS-9305,2024-07-09,Rain-fed,Yes,102651,2053,XXXX2574XX,MAHB2393704,0.682,0.632,7.3,10.1,,,
MH-AS-NAN-10000018,radha.shinde43,Radha Shinde,Female,1998-04-05,28,ST,XXXX-XXXX-3843,9961885541,Maharashtra,Nanded,Bhokar,Bhokar_Village_27,421426,895/19,1.72,Rain-fed,Alluvial,Tank,Turmeric,Paddy,,Yes,,Yes,No,2023-01-01,Active,895/19,Verified,39333798503,Bhogtavadar Varg-2,0.0,2.9,02/02/2025,KID5298157349,19.055516,77.462022,74.0,Salem,2024-07-01,Rain-fed,Yes,79523,1590,XXXX5300XX,MAHB9634689,0.693,0.545,21.4,26.8,,,
MH-AS-NAS-10000009,lata.thorat14,Lata Thorat,Female,2000-09-01,25,OBC,XXXX-XXXX-3436,7968053532,Maharashtra,Nashik,Chandwad,Chandwad_Village_2,420736,262/19,8.22,Rain-fed,Black Cotton Soil,Canal,Peas,Methi,,No,Canara Bank,Yes,Yes,2024-11-21,Active,262/19,Verified,34877520294,Bhogtavadar Varg-1,0.14,15.19,04/07/2024,KID2871950365,19.652768,73.48941,161.8,Local Variety,2024-11-11,Rain-fed,Yes,212491,4249,XXXX8382XX,MAHB6001594,0.59,0.505,14.4,25.5,2024-10-10,26.2,Approved
MH-AS-SAT-10000020,tukaram.kale62,Tukaram Kale,Male,1993-02-20,33,SBC,XXXX-XXXX-6677,7295347134,Maharashtra,Satara,Karad,Karad_Village_60,443354,124/38,4.17,Rain-fed,Alluvial,Borewell,Garlic,Guava,,No,Canara Bank,No,Yes,2022-09-17,Active,124/38,Verified,36587537178,Bhogtavadar Varg-1,0.0,7.76,19/09/2024,KID6883097986,17.465106,74.100715,115.2,Local Variety,2024-11-02,Rain-fed,Yes,111511,2230,XXXX1509XX,MAHB8004880,0.705,0.593,15.9,24.8,,,
MH-AS-DHU-10000010,ramesh.jadhav59,Ramesh Jadhav,Male,1952-11-01,73,SBC,XXXX-XXXX-5645,7041906209,Maharashtra,Dhule,Shirpur,Shirpur_Village_81,403157,438/26,6.61,Well-irrigated,Sandy Loam,Drip,Jowar,Maize,Niger Seed,Yes,,Yes,No,2024-03-31,Active,438/26,Verified,35296710795,Bhogtavadar Varg-1,0.0,10.98,30/10/2024,KID9057705029,20.832169,74.95474,145.1,Phule Vasudha,2024-07-04,Rain-fed,Yes,139837,2796,XXXX4198XX,MAHB2554390,0.755,0.641,15.1,17.1,,,
MH-AS-AMR-10000013,radha.gaikwad27,Radha Gaikwad,Female,1964-11-01,61,General,XXXX-XXXX-2156,9591450209,Maharashtra,Amravati,Chandur Bazar,Chandur Bazar_Village_58,440816,592/14,1.98,Canal-irrigated,Sandy Loam,Canal,Sunflower,Castor,,Yes,,No,No,2023-01-10,Active,592/14,Verified,32232285036,Bhogtavadar Varg-2,0.0,3.22,25/02/2024,KID6423785439,20.723274,78.125357,79.4,Local Variety,2024-10-20,Rain-fed,No,0,0,XXXX9223XX,MAHB6264530,0.553,0.382,30.9,25.8,,,
MH-AS-OSM-10000016,anil.dhere62,Anil Dhere,Male,1996-08-27,29,ST,XXXX-XXXX-2192,8348993751,Maharashtra,Osmanabad,Paranda,Paranda_Village_14,428054,754/11,7.33,Well-irrigated,Sandy Loam,Tank,Onion,Sunflower,Sesame,Yes,Maharashtra Gramin Bank,No,Yes,2023-01-08,Active,754/11,Verified,38106906538,Bhogtavadar Varg-2,0.0,14.02,19/08/2024,KID8353307089,18.266226,76.355342,152.7,Bhima Raj,2024-07-02,Rain-fed,No,0,0,XXXX1847XX,MAHB9434719,0.733,0.692,5.6,200.9,,,
MH-AS-AUR-10000016,ratan.nirmal89,Ratan Nirmal,Male,1991-07-13,34,SBC,XXXX-XXXX-4348,8677842715,Maharashtra,Aurangabad,Vaijapur,Vaijapur_Village_87,432391,654/30,6.88,Irrigated,Red Laterite,Canal,Moong Dal,Sugarcane,Onion,Yes,,Yes,Yes,2025-01-15,Pending,654/30,Pending,37292076361,Bhogtavadar Varg-1,0.0,12.27,14/09/2024,KID4472049686,19.577946,75.140273,148.0,Local Variety,2024-10-26,Irrigated,Yes,179511,3590,XXXX9624XX,MAHB1391058,0.794,0.581,26.8,23.6,,,
MH-AS-LAT-10000013,arjun.gaikwad80,Arjun Gaikwad,Male,1986-09-09,39,SC,XXXX-XXXX-1854,7290980313,Maharashtra,Latur,Renapur,Renapur_Village_14,442265,157/9,10.86,Canal-irrigated,Alluvial,Drip,Tur Dal,Sesame,Bajra,Yes,DCCB Pune,No,Yes,2024-08-30,Active,157/9,Verified,35659161352,Bhogtavadar Varg-2,0.0,17.63,23/04/2024,KID2045716987,18.391101,76.628885,185.9,Local Variety,2024-10-21,Rain-fed,Yes,316209,6324,XXXX3408XX,MAHB6789308,0.801,0.694,13.4,26.4,,,
MH-AS-NAG-10000017,anita.mane85,Anita Mane,Female,1979-09-15,46,ST,XXXX-XXXX-4439,8075314485,Maharashtra,Nagpur,Narkhed,Narkhed_Village_87,408681,107/7,7.92,Rain-fed,Medium Black,Canal,Amla,Paddy,Guava,Yes,,No,Yes,2024-04-17,Active,107/7,Verified,32439622619,Bhogtavadar Varg-1,0.0,15.82,10/11/2024,KID4995699550,21.276398,78.70062,158.8,Local Variety,2024-10-19,Rain-fed,No,0,0,XXXX2360XX,MAHB9713003,0.655,0.562,14.2,26.7,,,
MH-AS-AMR-10000014,saraswati.yadav49,Saraswati Yadav,Female,1992-03-04,34,SBC,XXXX-XXXX-7606,7551970418,Maharashtra,Amravati,Morshi,Morshi_Village_36,436537,772/50,11.84,Canal-irrigated,Red Laterite,Drip,Niger Seed,Jowar,Wheat,No,,Yes,Yes,2024-04-12,Active,772/50,Verified,34226113732,Bhogtavadar Varg-1,0.0,19.22,23/01/2024,KID6238598084,21.192113,77.952998,194.1,Local Variety,2024-11-10,Rain-fed,No,0,0,XXXX6911XX,MAHB8514906,0.757,0.696,8.1,25.7,2025-01-21,35.7,Approved
MH-AS-LAT-10000014,sadashiv.lokhande92,Sadashiv Lokhande,Male,1966-08-31,59,SBC,XXXX-XXXX-3407,7969915075,Maharashtra,Latur,Chakur,Chakur_Village_61,433478,598/46,9.52,Canal-irrigated,Alluvial,Rain-fed,Jowar,Sunflower,,No,Union Bank,Yes,Yes,2022-11-30,Active,598/46,Verified,38184602688,Bhogtavadar Varg-2,0.0,17.88,07/01/2025,KID5735066538,18.795116,76.364981,174.1,Phule Vasudha,2024-06-15,Rain-fed,Yes,200562,4011,XXXX1732XX,MAHB6280090,0.797,0.6,24.7,17.9,,,
MH-AS-SOL-10000007,dnyanoba.wagh17,Dnyanoba Wagh,Male,1956-05-28,70,General,XXXX-XXXX-1423,7787448279,Maharashtra,Solapur,Mangalvedhe,Mangalvedhe_Village_60,401029,24/15,5.42,Rain-fed,Sandy Loam,Tank,Chana Dal,Onion,Groundnut,Yes,,Yes,No,2023-05-30,Active,24/15,Verified,31855256552,Bhogtavadar Varg-1,0.33,10.8,05/02/2025,KID9058654866,17.83069,76.05583,131.3,Local Variety,2024-11-09,Rain-fed,Yes,149878,2997,XXXX5000XX,MAHB5938841,0.636,0.489,23.1,26.4,,,
MH-AS-PUN-10000016,vitthal.gavit66,Vitthal Gavit,Male,1983-12-31,42,SC,XXXX-XXXX-8604,8447569049,Maharashtra,Pune,Maval,Maval_Village_61,410288,24/7,8.62,Rain-fed,Medium Black,River Lift,Groundnut,Cabbage,Brinjal,Yes,State Bank of India,No,Yes,2025-01-12,Inactive,24/7,Unverified,31104906255,Bhogtavadar Varg-2,0.0,14.62,19/03/2025,KID2044124315,18.522827,73.55905,165.6,TAG-24,2024-07-01,Rain-fed,Yes,218258,4365,XXXX2523XX,MAHB5753255,0.816,0.296,63.7,17.6,,,
MH-AS-LAT-10000015,lata.kulkarni40,Lata Kulkarni,Female,1978-02-14,48,General,XXXX-XXXX-2789,7686073623,Maharashtra,Latur,Latur,Latur_Village_40,409932,932/28,1.5,Well-irrigated,Black Cotton Soil,Drip,Niger Seed,Maize,,Yes,Bank of Baroda,Yes,No,2023-08-10,Active,932/28,Verified,35607762160,Bhogtavadar Varg-2,0.0,2.49,03/12/2024,KID9662336944,18.216628,76.958993,69.1,Local Variety,2024-10-18,Rain-fed,Yes,40381,807,XXXX7893XX,MAHB2126189,0.799,0.675,15.5,24.8,,,
MH-AS-LAT-10000016,tukaram.more16,Tukaram More,Male,1996-02-11,30,General,XXXX-XXXX-8416,7973709349,Maharashtra,Latur,Chakur,Chakur_Village_5,400871,722/42,9.83,Semi-irrigated,Medium Black,Tank,Moong Dal,Onion,,Yes,,No,Yes,2024-02-22,Active,722/42,Verified,38285786023,Bhogtavadar Varg-1,0.08,16.21,23/09/2024,KID8489154343,18.765965,76.758084,176.9,Local Variety,2024-10-30,Rain-fed,Yes,273691,5473,XXXX1475XX,MAHB7720210,0.615,0.552,10.2,23.7,,,
MH-AS-SOL-10000008,radha.lokhande55,Radha Lokhande,Female,1967-04-13,59,General,XXXX-XXXX-2261,8735504449,Maharashtra,Solapur,Pandharpur,Pandharpur_Village_26,414156,879/50,2.7,Semi-irrigated,Medium Black,Tank,Muskmelon,Wheat,,Yes,Maharashtra Gramin Bank,Yes,Yes,2022-08-16,Active,879/50,Verified,37418301077,Bhogtavadar Varg-1,0.22,4.65,03/06/2024,KID2646791558,17.834814,76.218346,92.7,Local Variety,2024-10-18,Rain-fed,Yes,67053,1341,XXXX9773XX,MAHB1314887,0.702,0.568,19.1,24.3,,,
MH-AS-NAS-10000010,vikram.gavit47,Vikram Gavit,Male,1981-01-18,45,ST,XXXX-XXXX-5966,7648502432,Maharashtra,Nashik,Yeola,Yeola_Village_21,431754,453/36,6.9,Semi-irrigated,Sandy Loam,Drip,Peas,Capsicum,Methi,Yes,Bank of Maharashtra,No,Yes,2022-11-05,Active,453/36,Verified,32047905204,Bhogtavadar Varg-1,0.0,11.32,22/08/2024,KID4168429682,19.817458,73.506505,148.2,Local Variety,2024-11-03,Rain-fed,Yes,174530,3490,XXXX2894XX,MAHB9834988,0.689,0.539,21.8,26.0,,,
MH-AS-JAL-10000013,sunita.chavan44,Sunita Chavan,Female,1991-08-10,34,ST,XXXX-XXXX-5475,7537576942,Maharashtra,Jalgaon,Chalisgaon,Chalisgaon_Village_53,419267,407/46,9.88,Irrigated,Black Cotton Soil,River Lift,Watermelon,Wheat,Maize,No,,No,Yes,2025-09-14,Active,407/46,Verified,32825989011,Bhogtavadar Varg-1,0.0,18.54,25/11/2024,KID6507429944,20.714468,75.553247,177.3,Local Variety,2024-11-12,Irrigated,Yes,280403,5608,XXXX6609XX,MAHB4647076,0.604,0.469,22.4,26.8,2025-02-25,74.5,Disbursed
MH-AS-PUN-10000017,ramesh.bhosale45,Ramesh Bhosale,Male,1994-07-01,31,OBC,XXXX-XXXX-4672,9890929189,Maharashtra,Pune,Shirur,Shirur_Village_66,432274,348/14,1.63,Well-irrigated,Red Laterite,Drip,Cauliflower,Tomato,,Yes,,No,Yes,2022-10-05,Inactive,348/14,Unverified,37519578899,Bhogtavadar Varg-1,0.0,2.65,16/01/2024,KID8318400344,18.884774,73.845827,72.0,Local Variety,2024-10-28,Rain-fed,Yes,44589,891,XXXX7344XX,MAHB3128059,0.814,0.339,58.4,25.4,,,
MH-AS-LAT-10000017,baburao.salve58,Baburao Salve,Male,1957-01-29,69,SC,XXXX-XXXX-9625,8745184051,Maharashtra,Latur,Chakur,Chakur_Village_81,428992,672/45,11.24,Well-irrigated,Alluvial,River Lift,Soybean,Groundnut,,Yes,Bank of Maharashtra,Yes,No,2022-11-05,Active,672/45,Verified,39805620900,Inam,0.2,20.27,01/02/2024,KID5279386643,18.644915,76.811382,189.2,JS-9305,2024-06-24,Rain-fed,Yes,328282,6565,XXXX1414XX,MAHB7273299,0.564,0.539,4.4,13.5,,,
MH-AS-NAS-10000011,lata.dhere55,Lata Dhere,Female,1974-09-09,51,OBC,XXXX-XXXX-4331,8233846183,Maharashtra,Nashik,Yeola,Yeola_Village_55,424360,983/3,8.5,Rain-fed,Red Laterite,Canal,Coriander,Cucumber,Pomegranate,No,State Bank of India,No,No,2023-12-10,Active,983/3,Verified,34643576871,Bhogtavadar Varg-1,0.0,16.99,02/09/2024,KID6525626119,19.854896,73.707945,164.5,Local Variety,2024-11-05,Rain-fed,Yes,252737,5054,XXXX8862XX,MAHB2073057,0.606,0.42,30.7,23.6,,,
MH-AS-SAN-10000024,naresh.mane31,Naresh Mane,Male,1953-09-24,72,ST,XXXX-XXXX-3228,9477633607,Maharashtra,Sangli,Khanapur,Khanapur_Village_32,443428,986/40,8.07,Well-irrigated,Black Cotton Soil,Rain-fed,Banana,Soybean,Grapes,Yes,,No,No,2023-02-05,Inactive,986/40,Unverified,32960488639,Shasakiya,0.49,15.54,09/03/2025,KID4329213015,16.547497,74.73708,160.3,Grand Naine,2024-10-31,Rain-fed,No,0,0,XXXX2375XX,MAHB1703855,0.809,0.55,32.0,24.8,,,
MH-AS-SOL-10000009,sunita.bhosale62,Sunita Bhosale,Female,1997-11-07,28,SC,XXXX-XXXX-5945,7786569575,Maharashtra,Solapur,South Solapur,South Solapur_Village_26,410007,444/3,7.5,Canal-irrigated,Black Cotton Soil,Tank,Tomato,Soybean,,Yes,Bank of Maharashtra,No,No,2024-10-14,Inactive,444/3,Unverified,38737025391,Bhogtavadar Varg-1,0.21,13.85,24/07/2024,KID9882513388,18.069448,75.74004,154.5,Abhinav,2024-11-14,Rain-fed,Yes,299670,5993,XXXX5906XX,MAHB1519736,0.557,0.229,58.9,248.0,,,
MH-AS-NAN-10000019,baburao.kulkarni30,Baburao Kulkarni,Male,1994-08-29,31,General,XXXX-XXXX-3738,7593326711,Maharashtra,Nanded,Nanded,Nanded_Village_79,442505,478/28,2.66,Canal-irrigated,Black Cotton Soil,Rain-fed,Wheat,Sunflower,Tur Dal,No,,No,Yes,2025-01-18,Pending,478/28,Pending,37852415525,Bhogtavadar Varg-2,0.45,4.58,06/08/2024,KID9269024091,19.335486,77.371154,92.0,HD-2781,2024-11-13,Rain-fed,No,0,0,XXXX2563XX,MAHB7477840,0.595,0.388,34.8,33.7,,,
MH-AS-SOL-10000010,ratan.yadav77,Ratan Yadav,Male,1950-02-25,76,General,XXXX-XXXX-9348,7373353580,Maharashtra,Solapur,North Solapur,North Solapur_Village_60,440401,977/6,3.78,Canal-irrigated,Red Laterite,Rain-fed,Soybean,Cotton,,Yes,DCCB Pune,No,Yes,2025-01-10,Active,977/6,Verified,39123612497,Bhogtavadar Varg-1,0.0,6.99,17/12/2024,KID7399860695,17.408535,76.181524,109.7,JS-9305,2024-06-27,Rain-fed,No,0,0,XXXX1806XX,MAHB1127182,0.783,0.642,18.0,11.3,,,
MH-AS-PUN-10000018,sanjay.surve12,Sanjay Surve,Male,1956-02-27,70,SBC,XXXX-XXXX-9499,8174546688,Maharashtra,Pune,Bhor,Bhor_Village_77,424447,599/30,9.12,Irrigated,Black Cotton Soil,River Lift,Onion,Ginger,,No,DCCB Pune,No,Yes,2022-07-21,Active,599/30,Verified,37462972995,Bhogtavadar Varg-1,0.0,16.51,25/02/2024,KID9955523433,18.298018,73.683586,170.4,Bhima Raj,2024-07-09,Irrigated,No,0,0,XXXX8581XX,MAHB2048073,0.81,0.729,10.0,198.3,2025-01-06,26.8,Pending Review
MH-AS-DHU-10000011,geeta.desai67,Geeta Desai,Female,1998-06-02,27,NT,XXXX-XXXX-2758,8361582062,Maharashtra,Dhule,Sindkheda,Sindkheda_Village_10,416293,614/41,9.53,Irrigated,Alluvial,Canal,Cotton,Wheat,Moong Dal,No,,Yes,Yes,2025-07-07,Inactive,614/41,Unverified,37648059419,Bhogtavadar Varg-1,0.0,16.87,08/09/2024,KID1085201307,20.851069,74.803301,174.2,Bt-Hybrid,2024-07-03,Irrigated,No,0,0,XXXX2696XX,MAHB8311930,0.628,0.245,61.0,18.7,,,
MH-AS-SAN-10000025,ratan.more51,Ratan More,Male,2001-12-16,24,SBC,XXXX-XXXX-3497,9838914212,Maharashtra,Sangli,Khanapur,Khanapur_Village_68,443422,400/37,3.31,Rain-fed,Sandy Loam,Borewell,Turmeric,Tomato,Pomegranate,Yes,Bank of Baroda,Yes,No,2024-02-12,Active,400/37,Verified,34853479481,Bhogtavadar Varg-1,0.0,5.47,30/12/2024,KID3418511869,17.125981,74.540699,102.6,Salem,2024-07-13,Rain-fed,Yes,156358,3127,XXXX8966XX,MAHB3678857,0.555,0.422,24.0,24.8,,,
MH-AS-SOL-10000011,pushpa.gavit15,Pushpa Gavit,Female,1978-08-25,47,NT,XXXX-XXXX-8597,8080075066,Maharashtra,Solapur,Mangalvedhe,Mangalvedhe_Village_96,444846,885/28,2.07,Well-irrigated,Medium Black,Drip,Chilli,Tur Dal,,No,,Yes,Yes,2023-06-21,Active,885/28,Verified,37333678472,Bhogtavadar Varg-2,0.0,4.05,15/08/2024,KID3724048206,17.668817,75.59654,81.2,LCA-334,2024-07-01,Rain-fed,Yes,60283,1205,XXXX4885XX,MAHB1150424,0.564,0.384,31.9,23.1,,,
MH-AS-AUR-10000017,lata.kadam87,Lata Kadam,Female,1983-07-24,42,SBC,XXXX-XXXX-3183,8246643745,Maharashtra,Aurangabad,Kannad,Kannad_Village_68,426830,688/38,11.61,Well-irrigated,Medium Black,Canal,Pomegranate,Niger Seed,,Yes,Union Bank,No,No,2024-06-12,Inactive,688/38,Unverified,38033702319,Bhogtavadar Varg-1,0.0,20.66,07/02/2024,KID8999166330,20.204685,75.192831,192.2,Bhagwa,2024-11-07,Rain-fed,Yes,1214343,24286,XXXX4618XX,MAHB7227681,0.723,0.445,38.5,23.3,,,
MH-AS-AMR-10000015,narayan.salve47,Narayan Salve,Male,1956-05-06,70,SC,XXXX-XXXX-4139,7452166033,Maharashtra,Amravati,Chandur Bazar,Chandur Bazar_Village_32,416876,295/11,6.94,Semi-irrigated,Red Laterite,Drip,Maize,Moong Dal,,Yes,State Bank of India,No,Yes,2023-10-05,Active,295/11,Verified,37533932947,Bhogtavadar Varg-1,0.0,11.64,05/04/2025,KID6121201301,20.869542,77.966035,148.6,Ganga-11,2024-06-30,Rain-fed,No,0,0,XXXX6689XX,MAHB6228331,0.75,0.603,19.6,30.8,,,
MH-AS-NAG-10000018,mangal.bhosale80,Mangal Bhosale,Female,1983-10-02,42,NT,XXXX-XXXX-4778,9041234818,Maharashtra,Nagpur,Nagpur Rural,Nagpur Rural_Village_88,437677,984/27,0.77,Canal-irrigated,Alluvial,River Lift,Onion,Wheat,Tur Dal,No,,No,No,2025-06-03,Active,984/27,Verified,33691864041,Bhogtavadar Varg-1,0.0,1.35,11/02/2024,KID3485644362,20.993916,78.852008,49.5,Bhima Raj,2024-06-15,Rain-fed,Yes,32803,656,XXXX4079XX,MAHB9337796,0.711,0.664,6.6,200.4,2025-01-22,33.1,Disbursed
MH-AS-SAN-10000026,anita.wagh95,Anita Wagh,Female,1951-02-16,75,SBC,XXXX-XXXX-9352,8712586507,Maharashtra,Sangli,Miraj,Miraj_Village_98,421231,864/25,4.85,Canal-irrigated,Black Cotton Soil,River Lift,Turmeric,Sweet Lime,,No,DCCB Pune,Yes,Yes,2023-08-15,Active,864/25,Verified,36474354351,Bhogtavadar Varg-1,0.0,8.56,13/06/2024,KID1084144312,16.893116,74.62185,124.2,Salem,2024-07-04,Rain-fed,No,0,0,XXXX3512XX,MAHB8041603,0.815,0.676,17.1,25.1,2025-03-12,55.3,Flagged
MH-AS-NAG-10000019,ramesh.shinde71,Ramesh Shinde,Male,1976-06-03,49,General,XXXX-XXXX-8339,8764664687,Maharashtra,Nagpur,Nagpur Urban,Nagpur Urban_Village_32,441805,186/39,11.6,Canal-irrigated,Alluvial,Rain-fed,Papaya,Moong Dal,,Yes,State Bank of India,No,Yes,2025-06-12,Active,186/39,Verified,39922723063,Shasakiya,0.0,22.4,07/11/2024,KID8728116606,20.831611,79.379836,192.2,Local Variety,2024-10-17,Rain-fed,Yes,298430,5968,XXXX9943XX,MAHB1201291,0.611,0.543,11.1,23.9,2025-04-04,68.9,Approved
MH-AS-PUN-10000019,usha.shinde90,Usha Shinde,Female,1993-08-20,32,SC,XXXX-XXXX-9991,7030585159,Maharashtra,Pune,Baramati,Baramati_Village_6,424915,29/16,0.33,Well-irrigated,Sandy Loam,Rain-fed,Chilli,Maize,,No,Bank of Maharashtra,Yes,No,2025-05-29,Active,29/16,Verified,32227193073,Inam,0.0,0.62,16/03/2024,KID1936594289,18.191254,74.202749,32.4,LCA-334,2024-06-29,Rain-fed,No,0,0,XXXX1174XX,MAHB1297198,0.783,0.685,12.5,24.9,,,
MH-AS-NAG-10000020,sadashiv.mane36,Sadashiv Mane,Male,1996-10-20,29,General,XXXX-XXXX-3868,9311184650,Maharashtra,Nagpur,Nagpur Urban,Nagpur Urban_Village_95,411370,382/41,11.94,Well-irrigated,Medium Black,Tank,Paddy,Chana Dal,,No,,Yes,Yes,2024-12-10,Active,382/41,Verified,36461974809,Shasakiya,0.0,22.78,03/02/2024,KID5266214790,21.500431,79.419075,195.0,Jyoti,2024-07-03,Rain-fed,Yes,307873,6157,XXXX5844XX,MAHB7794163,0.637,0.593,6.9,40.7,,,
MH-AS-PUN-10000020,pushpa.pawar54,Pushpa Pawar,Female,1980-08-07,45,SBC,XXXX-XXXX-6376,7072086333,Maharashtra,Pune,Maval,Maval_Village_54,433253,667/25,8.16,Well-irrigated,Alluvial,Canal,Turmeric,Fig,Bajra,No,,Yes,Yes,2024-01-19,Active,667/25,Verified,33319936135,Bhogtavadar Varg-1,0.0,13.09,05/03/2024,KID2232143225,18.805891,74.053858,161.2,Salem,2024-07-12,Rain-fed,Yes,385587,7711,XXXX9526XX,MAHB6211402,0.584,0.485,17.0,24.3,,,
MH-AS-NAS-10000012,rukhmini.kulkarni13,Rukhmini Kulkarni,Female,1966-10-22,59,General,XXXX-XXXX-1404,7895339453,Maharashtra,Nashik,Dindori,Dindori_Village_44,426324,434/24,4.78,Well-irrigated,Alluvial,Canal,Beetroot,Coriander,Wheat,Yes,Bank of Baroda,Yes,No,2024-04-11,Active,434/24,Verified,31594312071,Bhogtavadar Varg-1,0.38,8.44,20/05/2024,KID4598776835,20.244537,73.643559,123.3,Local Variety,2024-11-02,Rain-fed,Yes,126999,2539,XXXX4694XX,MAHB4611136,0.605,0.437,27.8,25.6,,,
MH-AS-SOL-10000012,naresh.dhere94,Naresh Dhere,Male,1971-03-28,55,NT,XXXX-XXXX-5330,9399742260,Maharashtra,Solapur,South Solapur,South Solapur_Village_61,436329,918/8,2.39,Rain-fed,Red Laterite,River Lift,Soybean,Watermelon,,No,Bank of Baroda,No,No,2022-04-10,Active,918/8,Verified,36288227800,Shasakiya,0.0,4.28,15/11/2024,KID8261578139,17.370218,75.813733,87.2,JS-9305,2024-07-04,Rain-fed,No,0,0,XXXX3889XX,MAHB4980341,0.635,0.508,20.0,12.9,,,
MH-AS-AUR-10000018,shyam.kadam68,Shyam Kadam,Male,1957-04-06,69,ST,XXXX-XXXX-7232,8366947985,Maharashtra,Aurangabad,Vaijapur,Vaijapur_Village_30,438082,884/50,1.41,Canal-irrigated,Sandy Loam,Borewell,Moong Dal,Niger Seed,Wheat,No,Bank of Maharashtra,No,Yes,2024-11-03,Active,884/50,Verified,33980491761,Bhogtavadar Varg-1,0.0,2.27,20/11/2024,KID5287731258,19.583744,75.59358,67.0,Local Variety,2024-10-26,Rain-fed,Yes,38786,775,XXXX8914XX,MAHB2338995,0.594,0.394,33.7,23.7,,,
MH-AS-SAT-10000021,dattatray.more47,Dattatray More,Male,1961-07-31,64,NT,XXXX-XXXX-4961,9817730091,Maharashtra,Satara,Wai,Wai_Village_65,414362,30/16,4.55,Canal-irrigated,Medium Black,Canal,Tomato,Maize,,No,State Bank of India,No,No,2024-10-01,Active,30/16,Verified,34034047118,Inam,0.0,7.75,26/10/2024,KID8325769040,17.31897,74.416234,120.3,Abhinav,2024-10-22,Rain-fed,No,0,0,XXXX8722XX,MAHB6438081,0.722,0.698,3.3,251.5,,,
MH-AS-AUR-10000019,suresh.gaikwad78,Suresh Gaikwad,Male,1976-04-20,50,NT,XXXX-XXXX-1142,9637529546,Maharashtra,Aurangabad,Sillod,Sillod_Village_10,440876,8/15,11.35,Canal-irrigated,Sandy Loam,River Lift,Moong Dal,Niger Seed,,Yes,,No,No,2023-07-09,Active,8/15,Verified,35570828113,Inam,0.0,21.61,07/10/2024,KID5744578916,19.829062,75.735644,190.1,Local Variety,2024-10-26,Rain-fed,No,0,0,XXXX9292XX,MAHB6394953,0.63,0.541,14.1,25.4,,,
MH-AS-LAT-10000018,kavita.kulkarni68,Kavita Kulkarni,Female,1995-09-02,30,NT,XXXX-XXXX-9515,9635244146,Maharashtra,Latur,Chakur,Chakur_Village_35,412772,290/34,9.51,Irrigated,Alluvial,Rain-fed,Cotton,Moong Dal,Wheat,Yes,,Yes,No,2022-09-30,Inactive,290/34,Unverified,37045593274,Shasakiya,0.0,15.74,30/12/2024,KID4615946516,18.542432,76.92245,174.0,Bt-Hybrid,2024-06-25,Irrigated,Yes,543876,10877,XXXX1432XX,MAHB3545444,0.605,0.272,55.0,20.0,,,
MH-AS-NAS-10000013,lalita.chavan86,Lalita Chavan,Female,1956-02-02,70,OBC,XXXX-XXXX-8785,7592063360,Maharashtra,Nashik,Dindori,Dindori_Village_20,429657,155/9,2.21,Well-irrigated,Medium Black,Borewell,Methi,Beetroot,Grapes,No,,Yes,No,2023-07-22,Active,155/9,Verified,37625464411,Bhogtavadar Varg-1,0.4,4.01,15/06/2024,KID8523738954,20.059264,73.923052,83.9,Local Variety,2024-10-18,Rain-fed,Yes,64546,1290,XXXX2974XX,MAHB2993265,0.688,0.655,4.8,24.2,,,
MH-AS-PUN-10000021,shobha.desai55,Shobha Desai,Female,1991-01-02,35,General,XXXX-XXXX-2225,7537966499,Maharashtra,Pune,Baramati,Baramati_Village_65,423903,987/44,4.31,Semi-irrigated,Red Laterite,Tank,Brinjal,Ginger,,Yes,DCCB Nashik,No,No,2024-02-11,Active,987/44,Verified,32785736751,Bhogtavadar Varg-1,0.0,7.27,14/07/2024,KID1413553202,18.829611,73.667821,117.1,Local Variety,2024-11-06,Rain-fed,Yes,125535,2510,XXXX6712XX,MAHB1343129,0.741,0.605,18.4,23.7,,,
MH-AS-AMR-10000016,sunita.bhosale18,Sunita Bhosale,Female,1957-12-29,68,NT,XXXX-XXXX-9358,7325624490,Maharashtra,Amravati,Achalpur,Achalpur_Village_65,434891,590/7,0.74,Canal-irrigated,Red Laterite,Well,Maize,Tur Dal,Urad Dal,No,,Yes,No,2025-02-17,Active,590/7,Verified,37099469983,Shasakiya,0.0,1.19,01/11/2024,KID7555781499,20.663005,78.09518,48.5,Ganga-11,2024-07-06,Rain-fed,Yes,18237,364,XXXX4354XX,MAHB9393352,0.663,0.468,29.4,31.1,,,
MH-AS-AUR-10000020,naresh.mane30,Naresh Mane,Male,1959-02-01,67,OBC,XXXX-XXXX-8091,7416702940,Maharashtra,Aurangabad,Gangapur,Gangapur_Village_54,414960,195/25,1.39,Semi-irrigated,Black Cotton Soil,Rain-fed,Sunflower,Tur Dal,Maize,No,Bank of Maharashtra,Yes,Yes,2025-11-07,Active,195/25,Verified,33987248494,Bhogtavadar Varg-1,0.0,2.36,28/09/2024,KID1531032806,19.875214,74.975348,66.5,Local Variety,2024-10-15,Rain-fed,No,0,0,XXXX4221XX,MAHB5464990,0.583,0.421,27.8,25.7,2025-01-14,56.9,Approved
MH-AS-NAG-10000021,ratan.kulkarni89,Ratan Kulkarni,Male,1998-12-21,27,SC,XXXX-XXXX-4919,7536907376,Maharashtra,Nagpur,Ramtek,Ramtek_Village_83,441908,113/35,2.92,Semi-irrigated,Medium Black,Canal,Moong Dal,Tomato,,Yes,,No,Yes,2024-06-23,Active,113/35,Verified,36928691380,Bhogtavadar Varg-1,0.35,5.81,30/05/2024,KID4557971034,20.974511,78.920026,96.4,Local Variety,2024-11-04,Rain-fed,Yes,76926,1538,XXXX6657XX,MAHB4379303,0.723,0.549,24.1,23.2,,,
MH-AS-SOL-10000013,narayan.kale20,Narayan Kale,Male,1965-10-04,60,NT,XXXX-XXXX-4018,9823856927,Maharashtra,Solapur,North Solapur,North Solapur_Village_37,433588,952/42,7.34,Well-irrigated,Sandy Loam,Borewell,Urad Dal,Onion,,No,,No,No,2025-05-07,Active,952/42,Verified,36805759868,Bhogtavadar Varg-1,0.0,14.1,20/08/2024,KID6372199132,17.387119,76.260829,152.9,Local Variety,2024-11-14,Rain-fed,Yes,219591,4391,XXXX7801XX,MAHB4168443,0.571,0.377,34.0,24.7,,,
MH-AS-SOL-10000014,geeta.desai30,Geeta Desai,Female,1995-05-04,31,NT,XXXX-XXXX-6123,7270252955,Maharashtra,Solapur,Mangalvedhe,Mangalvedhe_Village_89,413547,979/32,7.52,Well-irrigated,Black Cotton Soil,River Lift,Watermelon,Moong Dal,Chana Dal,No,,Yes,No,2024-08-15,Active,979/32,Verified,38531118333,Shasakiya,0.0,14.92,15/09/2024,KID2680006996,17.445354,75.931916,154.7,Local Variety,2024-10-18,Rain-fed,Yes,207284,4145,XXXX8077XX,MAHB5431096,0.692,0.561,18.9,23.3,,,
MH-AS-AUR-10000021,arjun.kadam26,Arjun Kadam,Male,1977-04-17,49,SBC,XXXX-XXXX-1781,7473619915,Maharashtra,Aurangabad,Gangapur,Gangapur_Village_73,411542,26/47,7.66,Canal-irrigated,Red Laterite,River Lift,Castor,Cotton,Moong Dal,Yes,,Yes,Yes,2023-11-18,Active,26/47,Verified,36242173772,Bhogtavadar Varg-2,0.0,13.75,05/11/2024,KID9110719180,19.517458,75.480538,156.1,Local Variety,2024-11-09,Rain-fed,Yes,194481,3889,XXXX4087XX,MAHB8127621,0.565,0.37,34.5,23.6,,,
MH-AS-LAT-10000019,sunita.nirmal73,Sunita Nirmal,Female,1960-10-30,65,ST,XXXX-XXXX-6207,8117676892,Maharashtra,Latur,Latur,Latur_Village_44,435456,645/13,8.19,Irrigated,Red Laterite,Borewell,Sesame,Linseed,Chana Dal,No,,Yes,No,2024-01-04,Active,645/13,Verified,36237376063,Bhogtavadar Varg-1,0.0,13.46,08/08/2024,KID7862214957,18.758991,76.585663,161.5,Local Variety,2024-06-20,Irrigated,Yes,197905,3958,XXXX2844XX,MAHB3864681,0.723,0.586,18.9,23.5,,,
MH-AS-DHU-10000012,sadashiv.shinde86,Sadashiv Shinde,Male,1951-04-23,75,ST,XXXX-XXXX-9491,7878645801,Maharashtra,Dhule,Shirpur,Shirpur_Village_67,421191,601/49,6.46,Irrigated,Red Laterite,Borewell,Niger Seed,Tur Dal,Chana Dal,No,,Yes,No,2023-01-25,Active,601/49,Verified,37166868574,Bhogtavadar Varg-1,0.0,11.75,20/02/2024,KID7218583495,21.016721,75.049445,143.4,Local Variety,2024-11-07,Irrigated,Yes,174174,3483,XXXX1061XX,MAHB9001647,0.706,0.649,8.1,24.9,,,
MH-AS-SOL-10000015,rajesh.lokhande90,Rajesh Lokhande,Male,1975-07-01,50,ST,XXXX-XXXX-5608,7877459372,Maharashtra,Solapur,Pandharpur,Pandharpur_Village_7,424491,610/44,0.53,Canal-irrigated,Alluvial,Tank,Watermelon,Onion,Bajra,No,Maharashtra Gramin Bank,Yes,Yes,2025-12-11,Active,610/44,Verified,35419627962,Bhogtavadar Varg-1,0.14,0.94,10/02/2025,KID7442900183,17.86534,75.666089,41.1,Local Variety,2024-10-22,Rain-fed,Yes,14448,288,XXXX9443XX,MAHB9709095,0.759,0.641,15.5,23.9,,,
MH-AS-LAT-10000020,bharat.shinde27,Bharat Shinde,Male,1969-12-05,56,SC,XXXX-XXXX-3557,9850800957,Maharashtra,Latur,Udgir,Udgir_Village_49,403281,185/17,5.07,Irrigated,Red Laterite,Borewell,Safflower,Maize,,No,Union Bank,No,Yes,2025-09-26,Active,185/17,Verified,31116402431,Inam,0.0,9.82,25/12/2024,KID3725235961,18.040382,76.943722,127.0,Local Variety,2024-11-06,Irrigated,No,0,0,XXXX7070XX,MAHB4037204,0.568,0.462,18.7,26.8,2025-04-07,37.7,Approved
MH-AS-AHM-10000015,meena.desai65,Meena Desai,Female,1952-04-30,74,General,XXXX-XXXX-8260,9616434422,Maharashtra,Ahmednagar,Rahuri,Rahuri_Village_64,432760,832/31,7.1,Rain-fed,Red Laterite,River Lift,Soybean,Tur Dal,Garlic,Yes,,Yes,No,2023-12-27,Active,832/31,Verified,38055556030,Bhogtavadar Varg-1,0.16,11.64,28/02/2024,KID7268277491,19.143239,74.969668,150.3,JS-9305,2024-06-24,Rain-fed,No,0,0,XXXX2482XX,MAHB4394439,0.756,0.643,14.9,11.7,,,
MH-AS-NAG-10000022,pushpa.yadav88,Pushpa Yadav,Female,1996-02-25,30,ST,XXXX-XXXX-8592,9297246017,Maharashtra,Nagpur,Nagpur Rural,Nagpur Rural_Village_44,403300,268/12,11.12,Rain-fed,Alluvial,Drip,Paddy,Bajra,Onion,No,,No,No,2022-08-12,Active,268/12,Verified,32982979741,Bhogtavadar Varg-1,0.0,19.96,12/03/2025,KID1640022536,21.083801,78.994909,188.1,Jyoti,2024-07-13,Rain-fed,No,0,0,XXXX6480XX,MAHB9565617,0.693,0.496,28.4,41.6,,,
MH-AS-NAG-10000023,lata.pawar88,Lata Pawar,Female,1964-02-21,62,NT,XXXX-XXXX-5762,8864497734,Maharashtra,Nagpur,Hingna,Hingna_Village_92,411459,722/8,7.48,Well-irrigated,Black Cotton Soil,Borewell,Amla,Custard Apple,,Yes,Canara Bank,No,No,2025-09-30,Inactive,722/8,Unverified,35510938155,Shasakiya,0.02,12.42,01/12/2024,KID3158185231,20.89407,79.373009,154.3,Local Variety,2024-11-02,Rain-fed,Yes,217137,4342,XXXX3923XX,MAHB6354519,0.709,0.214,69.8,23.5,,,
MH-AS-KOL-10000015,mohan.shinde43,Mohan Shinde,Male,1983-06-09,42,SBC,XXXX-XXXX-5333,9441008285,Maharashtra,Kolhapur,Karvir,Karvir_Village_46,405204,116/19,4.92,Well-irrigated,Medium Black,Canal,Groundnut,Chilli,Wheat,No,Bank of Baroda,Yes,No,2024-08-26,Active,116/19,Verified,36923206003,Bhogtavadar Varg-2,0.0,8.51,29/11/2024,KID7930586211,16.968429,73.927968,125.1,TAG-24,2024-06-21,Rain-fed,No,0,0,XXXX9574XX,MAHB8375578,0.642,0.595,7.3,20.0,,,
MH-AS-SOL-10000016,dnyanoba.nirmal65,Dnyanoba Nirmal,Male,1987-05-17,39,NT,XXXX-XXXX-4762,9320957363,Maharashtra,Solapur,Mangalvedhe,Mangalvedhe_Village_42,409095,192/36,11.22,Irrigated,Medium Black,River Lift,Pomegranate,Cotton,,Yes,,No,Yes,2023-09-15,Inactive,192/36,Unverified,36204041308,Bhogtavadar Varg-2,0.0,21.26,25/03/2025,KID1303104788,17.665941,76.005984,189.0,Bhagwa,2024-11-09,Irrigated,Yes,1135698,22713,XXXX7137XX,MAHB9036904,0.761,0.493,35.2,26.7,,,
MH-AS-PUN-10000022,dnyanoba.surve61,Dnyanoba Surve,Male,1952-09-13,73,NT,XXXX-XXXX-5493,9288801837,Maharashtra,Pune,Mulshi,Mulshi_Village_27,417659,471/39,9.09,Rain-fed,Medium Black,Rain-fed,Pomegranate,Grapes,Wheat,No,,Yes,Yes,2024-03-24,Active,471/39,Verified,36698759353,Bhogtavadar Varg-2,0.0,16.27,28/01/2025,KID7682047759,18.858671,73.718262,170.1,Bhagwa,2024-10-22,Rain-fed,Yes,896005,17920,XXXX9798XX,MAHB6512098,0.599,0.429,28.4,23.8,,,
MH-AS-SAT-10000022,mamta.kulkarni27,Mamta Kulkarni,Female,1967-10-04,58,SBC,XXXX-XXXX-9709,7775653296,Maharashtra,Satara,Satara,Satara_Village_18,406202,96/35,8.88,Canal-irrigated,Red Laterite,Canal,Guava,Soybean,,Yes,,Yes,Yes,2022-10-13,Active,96/35,Verified,36923301988,Bhogtavadar Varg-1,0.0,15.54,09/10/2024,KID4355896637,17.708046,73.944174,168.1,Local Variety,2024-11-02,Rain-fed,No,0,0,XXXX7011XX,MAHB9841443,0.62,0.475,23.4,23.9,,,
MH-AS-DHU-10000013,anita.yadav55,Anita Yadav,Female,1986-02-08,40,NT,XXXX-XXXX-4054,9922787921,Maharashtra,Dhule,Sakri,Sakri_Village_48,421056,939/11,10.71,Semi-irrigated,Medium Black,Drip,Urad Dal,Tur Dal,,Yes,DCCB Nashik,No,No,2024-01-24,Active,939/11,Verified,38868054898,Bhogtavadar Varg-1,0.0,18.83,04/01/2025,KID3460637585,20.668456,74.733297,184.6,Local Variety,2024-10-30,Rain-fed,Yes,277347,5546,XXXX5913XX,MAHB1050789,0.755,0.578,23.4,23.1,2025-02-14,17.2,Pending Review
MH-AS-JAL-10000014,vimal.gavit27,Vimal Gavit,Female,1965-11-02,60,ST,XXXX-XXXX-6275,9229755169,Maharashtra,Jalgaon,Bhusawal,Bhusawal_Village_4,436844,360/32,11.18,Canal-irrigated,Medium Black,Borewell,Sugarcane,Groundnut,,Yes,,No,Yes,2023-11-07,Active,360/32,Verified,35646751885,Bhogtavadar Varg-2,0.35,19.94,19/03/2025,KID4407761940,20.660517,75.868947,188.6,Co-86032,2024-07-10,Rain-fed,Yes,808977,16179,XXXX1092XX,MAHB9035074,0.659,0.557,15.5,698.5,,,
MH-AS-SAT-10000023,dinesh.salve14,Dinesh Salve,Male,1955-11-29,70,General,XXXX-XXXX-8246,9498533429,Maharashtra,Satara,Karad,Karad_Village_42,419255,301/31,11.06,Well-irrigated,Medium Black,Canal,Jowar,Groundnut,Onion,No,,Yes,Yes,2025-02-27,Inactive,301/31,Unverified,39673185158,Bhogtavadar Varg-2,0.0,21.17,20/04/2024,KID5340252779,17.937414,73.927781,187.6,Phule Vasudha,2024-06-16,Rain-fed,Yes,223519,4470,XXXX3565XX,MAHB4313886,0.806,0.433,46.3,19.2,,,
MH-AS-OSM-10000017,meena.mahale72,Meena Mahale,Female,1983-10-10,42,General,XXXX-XXXX-4950,9454519062,Maharashtra,Osmanabad,Osmanabad,Osmanabad_Village_73,403084,618/1,1.66,Canal-irrigated,Red Laterite,Rain-fed,Sunflower,Jowar,Chana Dal,No,,Yes,No,2023-12-10,Active,618/1,Verified,33316787198,Shasakiya,0.39,3.25,08/08/2024,KID5674741768,18.126044,76.045286,72.7,Local Variety,2024-10-24,Rain-fed,Yes,42244,844,XXXX4629XX,MAHB8668452,0.673,0.652,3.1,23.9,,,
MH-AS-NAN-10000020,vandana.gaikwad81,Vandana Gaikwad,Female,1948-08-14,77,SBC,XXXX-XXXX-5656,9379966141,Maharashtra,Nanded,Bhokar,Bhokar_Village_22,424525,931/25,9.94,Canal-irrigated,Black Cotton Soil,Borewell,Tomato,Maize,Chana Dal,Yes,,No,Yes,2024-10-16,Active,931/25,Verified,32503068227,Shasakiya,0.0,19.7,19/08/2024,KID2966661174,19.367066,77.709825,177.9,Abhinav,2024-10-21,Rain-fed,No,0,0,XXXX1880XX,MAHB7667927,0.636,0.515,19.0,251.3,,,
MH-AS-SAN-10000027,vilas.kulkarni89,Vilas Kulkarni,Male,1952-11-25,73,SBC,XXXX-XXXX-2630,7497948848,Maharashtra,Sangli,Jat,Jat_Village_7,431221,64/22,4.96,Canal-irrigated,Black Cotton Soil,Rain-fed,Tomato,Turmeric,Groundnut,No,Bank of Maharashtra,Yes,No,2024-05-27,Active,64/22,Verified,33792347639,Bhogtavadar Varg-1,0.0,9.5,30/03/2025,KID1359313098,16.584592,74.881812,125.7,Abhinav,2024-10-27,Rain-fed,No,0,0,XXXX4188XX,MAHB2880630,0.636,0.587,7.7,248.3,,,
MH-AS-DHU-10000014,sunita.jadhav17,Sunita Jadhav,Female,1978-07-30,47,NT,XXXX-XXXX-3021,7610020914,Maharashtra,Dhule,Sakri,Sakri_Village_36,404142,351/31,2.69,Semi-irrigated,Red Laterite,Drip,Cotton,Tomato,,No,Bank of Maharashtra,No,No,2023-03-30,Active,351/31,Verified,33799264931,Bhogtavadar Varg-1,0.06,4.64,26/04/2024,KID5008145034,20.695385,75.081489,92.5,Bt-Hybrid,2024-07-11,Rain-fed,Yes,137483,2749,XXXX6647XX,MAHB1740568,0.664,0.549,17.3,19.4,,,
MH-AS-DHU-10000015,arjun.mahale72,Arjun Mahale,Male,1962-03-19,64,SBC,XXXX-XXXX-9581,7853820446,Maharashtra,Dhule,Sakri,Sakri_Village_92,414512,480/34,10.55,Rain-fed,Medium Black,Canal,Urad Dal,Moong Dal,Linseed,No,,No,No,2024-08-06,Inactive,480/34,Unverified,34239406957,Bhogtavadar Varg-2,0.13,19.78,30/07/2024,KID4335832505,20.644811,74.818428,183.3,Local Variety,2024-11-05,Rain-fed,Yes,315938,6318,XXXX4847XX,MAHB9949795,0.604,0.188,68.9,26.2,,,
MH-AS-NAN-10000021,usha.bhosale42,Usha Bhosale,Female,1988-09-17,37,SBC,XXXX-XXXX-3251,9044349568,Maharashtra,Nanded,Mudkhed,Mudkhed_Village_5,416543,304/43,5.26,Semi-irrigated,Red Laterite,Well,Cotton,Chilli,,Yes,Bank of Baroda,Yes,No,2025-11-03,Active,304/43,Verified,35078551333,Bhogtavadar Varg-1,0.0,9.34,22/06/2024,KID2282988009,19.309883,77.495039,129.4,Bt-Hybrid,2024-06-29,Rain-fed,Yes,289187,5783,XXXX2649XX,MAHB2007967,0.592,0.519,12.3,20.5,,,
MH-AS-JAL-10000015,mahesh.kadam58,Mahesh Kadam,Male,1997-04-11,29,NT,XXXX-XXXX-3765,8493311471,Maharashtra,Jalgaon,Bhusawal,Bhusawal_Village_47,436062,549/16,8.04,Semi-irrigated,Medium Black,Canal,Cotton,Papaya,Onion,No,Maharashtra Gramin Bank,No,Yes,2025-11-25,Active,549/16,Verified,39677466102,Bhogtavadar Varg-2,0.0,13.68,27/02/2025,KID1491912577,21.045463,75.958703,160.0,Bt-Hybrid,2024-07-11,Rain-fed,Yes,423878,8477,XXXX4195XX,MAHB1730769,0.778,0.694,10.8,19.8,,,
MH-AS-JAL-10000016,ganesh.gavit16,Ganesh Gavit,Male,1967-11-08,58,ST,XXXX-XXXX-2092,8330230843,Maharashtra,Jalgaon,Chalisgaon,Chalisgaon_Village_21,419211,136/1,6.29,Well-irrigated,Red Laterite,Rain-fed,Bajra,Chilli,,No,,Yes,Yes,2023-01-27,Active,136/1,Verified,31654477195,Bhogtavadar Varg-2,0.0,12.18,20/08/2024,KID8436287236,21.115882,75.813198,141.5,GHB-732,2024-06-23,Rain-fed,No,0,0,XXXX7501XX,MAHB9306630,0.638,0.516,19.1,17.0,,,
MH-AS-OSM-10000018,vimal.gavit17,Vimal Gavit,Female,1950-07-28,75,NT,XXXX-XXXX-8006,8339082795,Maharashtra,Osmanabad,Omerga,Omerga_Village_9,434529,644/12,3.24,Well-irrigated,Sandy Loam,Canal,Jowar,Sunflower,,No,Bank of Maharashtra,No,Yes,2025-06-08,Inactive,644/12,Unverified,35837082260,Shasakiya,0.0,5.23,23/07/2024,KID8336121677,17.963621,75.718191,101.6,Phule Vasudha,2024-07-14,Rain-fed,Yes,58415,1168,XXXX8799XX,MAHB4922302,0.67,0.207,69.1,16.9,,,
MH-AS-NAS-10000014,rajesh.shinde99,Rajesh Shinde,Male,1977-08-20,48,SBC,XXXX-XXXX-8940,9199888953,Maharashtra,Nashik,Nashik,Nashik_Village_57,411793,969/48,3.73,Rain-fed,Red Laterite,Rain-fed,Onion,Coriander,Capsicum,No,,No,No,2023-12-02,Inactive,969/48,Unverified,33875303857,Bhogtavadar Varg-1,0.0,7.31,31/07/2024,KID3753729559,20.162156,73.829975,109.0,Bhima Raj,2024-07-12,Rain-fed,No,0,0,XXXX5727XX,MAHB7750652,0.78,0.297,61.9,199.5,,,
MH-AS-SOL-10000017,lata.jadhav77,Lata Jadhav,Female,1968-03-04,58,ST,XXXX-XXXX-5748,7510106921,Maharashtra,Solapur,Pandharpur,Pandharpur_Village_83,428771,318/5,8.42,Semi-irrigated,Black Cotton Soil,Drip,Soybean,Watermelon,,Yes,State Bank of India,Yes,No,2024-01-28,Active,318/5,Verified,36231117883,Bhogtavadar Varg-1,0.28,15.03,08/01/2025,KID9972176055,17.440622,75.640814,163.7,JS-9305,2024-07-08,Rain-fed,Yes,225351,4507,XXXX9273XX,MAHB6044972,0.739,0.543,26.5,11.9,,,
MH-AS-AMR-10000017,narayan.kadam28,Narayan Kadam,Male,1967-07-05,58,NT,XXXX-XXXX-2148,7259038736,Maharashtra,Amravati,Daryapur,Daryapur_Village_8,440088,80/5,8.93,Canal-irrigated,Red Laterite,Canal,Soybean,Niger Seed,Sunflower,No,Union Bank,No,Yes,2025-09-30,Active,80/5,Verified,38299146480,Bhogtavadar Varg-1,0.0,16.56,18/02/2024,KID5774111626,21.279479,77.372681,168.6,JS-9305,2024-06-16,Rain-fed,Yes,261696,5233,XXXX6462XX,MAHB1694873,0.8,0.701,12.4,11.0,,,
MH-AS-NAN-10000022,baburao.pawar20,Baburao Pawar,Male,1977-06-13,48,General,XXXX-XXXX-7291,8710807949,Maharashtra,Nanded,Bhokar,Bhokar_Village_58,433966,841/42,9.93,Irrigated,Alluvial,Drip,Soybean,Cotton,,Yes,,No,No,2024-07-01,Active,841/42,Verified,38588769565,Bhogtavadar Varg-1,0.17,18.51,09/06/2024,KID4597102555,19.029676,76.926435,177.8,JS-9305,2024-06-20,Irrigated,Yes,250468,5009,XXXX5674XX,MAHB9673007,0.686,0.584,14.9,10.9,2024-12-29,32.3,Flagged
MH-AS-AHM-10000016,dattatray.dhere66,Dattatray Dhere,Male,1992-01-23,34,OBC,XXXX-XXXX-6551,7482045591,Maharashtra,Ahmednagar,Shrirampur,Shrirampur_Village_57,412097,755/42,8.89,Well-irrigated,Red Laterite,Well,Pomegranate,Groundnut,Sunflower,Yes,Maharashtra Gramin Bank,No,No,2023-01-27,Active,755/42,Verified,34518871744,Bhogtavadar Varg-1,0.0,17.41,06/08/2024,KID6573885101,18.923275,75.014937,168.2,Bhagwa,2024-10-21,Rain-fed,No,0,0,XXXX9105XX,MAHB3049573,0.758,0.722,4.7,24.6,,,
MH-AS-AUR-10000022,geeta.shinde94,Geeta Shinde,Female,1977-11-10,48,ST,XXXX-XXXX-3376,9264787304,Maharashtra,Aurangabad,Sillod,Sillod_Village_23,414820,179/30,8.29,Well-irrigated,Medium Black,Rain-fed,Tur Dal,Moong Dal,Castor,Yes,Bank of Baroda,No,Yes,2024-06-14,Active,179/30,Verified,39438411468,Bhogtavadar Varg-1,0.0,15.38,09/06/2024,KID5478877727,19.691392,75.180969,162.4,Local Variety,2024-11-02,Rain-fed,Yes,208520,4170,XXXX5241XX,MAHB5247795,0.553,0.47,15.0,23.5,,,
MH-AS-NAN-10000023,sanjay.surve49,Sanjay Surve,Male,1985-05-31,40,ST,XXXX-XXXX-9093,9825864593,Maharashtra,Nanded,Hadgaon,Hadgaon_Village_30,405168,368/2,4.53,Irrigated,Red Laterite,Tank,Cotton,Paddy,,Yes,State Bank of India,Yes,No,2024-02-03,Active,368/2,Verified,39410288290,Bhogtavadar Varg-1,0.0,8.36,06/12/2024,KID6369176571,19.039355,77.490697,120.1,Bt-Hybrid,2024-06-17,Irrigated,Yes,251616,5032,XXXX7831XX,MAHB4824216,0.683,0.578,15.4,20.0,,,
MH-AS-DHU-10000016,vitthal.mahale14,Vitthal Mahale,Male,1992-07-04,33,OBC,XXXX-XXXX-1733,8376800224,Maharashtra,Dhule,Sindkheda,Sindkheda_Village_14,418531,497/3,4.91,Semi-irrigated,Sandy Loam,Rain-fed,Soybean,Maize,,Yes,State Bank of India,No,No,2025-12-08,Active,497/3,Verified,34070964768,Bhogtavadar Varg-1,0.0,7.99,10/05/2024,KID2500848383,20.678983,74.740617,125.0,JS-9305,2024-06-17,Rain-fed,Yes,122130,2442,XXXX8188XX,MAHB3657257,0.638,0.471,26.2,12.5,2025-03-15,18.1,Flagged
MH-AS-AUR-10000023,savita.jadhav56,Savita Jadhav,Female,1974-11-13,51,General,XXXX-XXXX-8890,7021348261,Maharashtra,Aurangabad,Aurangabad,Aurangabad_Village_70,427950,78/29,4.19,Semi-irrigated,Black Cotton Soil,Well,Cotton,Tomato,,Yes,DCCB Pune,No,No,2023-02-18,Active,78/29,Verified,39916336966,Bhogtavadar Varg-1,0.0,7.57,10/07/2024,KID2495109186,19.498809,75.272986,115.5,Bt-Hybrid,2024-06-27,Rain-fed,No,0,0,XXXX9955XX,MAHB3648891,0.736,0.703,4.5,21.1,,,
MH-AS-SAT-10000024,sanjay.dhere40,Sanjay Dhere,Male,1993-12-29,32,General,XXXX-XXXX-5185,7882541700,Maharashtra,Satara,Mahabaleshwar,Mahabaleshwar_Village_13,401777,98/1,1.08,Rain-fed,Black Cotton Soil,Well,Groundnut,Garlic,Turmeric,Yes,Bank of Maharashtra,Yes,Yes,2024-04-25,Active,98/1,Verified,33693985578,Bhogtavadar Varg-1,0.2,1.79,19/03/2024,KID9774689619,17.327514,73.877414,58.6,TAG-24,2024-06-20,Rain-fed,No,0,0,XXXX6565XX,MAHB6912174,0.605,0.557,7.9,16.8,2024-12-06,64.8,Pending Review
MH-AS-SAN-10000028,mamta.bhosale54,Mamta Bhosale,Female,1991-04-23,35,General,XXXX-XXXX-9392,8685167024,Maharashtra,Sangli,Walwa,Walwa_Village_75,415156,721/11,4.19,Irrigated,Red Laterite,Drip,Grapes,Soybean,Pomegranate,No,,No,Yes,2024-04-26,Active,721/11,Verified,38612747444,Bhogtavadar Varg-1,0.0,7.94,17/12/2024,KID4925311337,16.533454,74.960751,115.5,Thompson Seedless,2024-11-01,Irrigated,No,0,0,XXXX5182XX,MAHB4623072,0.632,0.604,4.4,25.3,,,
MH-AS-NAN-10000024,anita.shinde14,Anita Shinde,Female,1954-02-08,72,OBC,XXXX-XXXX-6579,9116717846,Maharashtra,Nanded,Bhokar,Bhokar_Village_1,422382,755/45,7.02,Canal-irrigated,Red Laterite,Well,Wheat,Jowar,Sugarcane,Yes,,Yes,No,2024-11-03,Active,755/45,Verified,34361393222,Bhogtavadar Varg-2,0.0,12.67,30/08/2024,KID4654247529,18.750382,77.403857,149.5,HD-2781,2024-10-28,Rain-fed,Yes,222731,4454,XXXX4499XX,MAHB6698331,0.715,0.613,14.3,36.9,,,
MH-AS-AMR-10000018,shobha.mahale63,Shobha Mahale,Female,2001-11-17,24,OBC,XXXX-XXXX-3196,8397273880,Maharashtra,Amravati,Warud,Warud_Village_76,423288,501/16,2.03,Rain-fed,Alluvial,Drip,Moong Dal,Cotton,Orange,Yes,,Yes,No,2022-07-26,Active,501/16,Verified,32591589823,Bhogtavadar Varg-1,0.0,3.8,04/02/2024,KID7892824847,20.59626,77.651482,80.4,Local Variety,2024-11-06,Rain-fed,No,0,0,XXXX4667XX,MAHB7473181,0.706,0.652,7.6,23.2,,,
MH-AS-OSM-10000019,tukaram.desai22,Tukaram Desai,Male,1985-12-22,40,SC,XXXX-XXXX-4836,7872665239,Maharashtra,Osmanabad,Paranda,Paranda_Village_85,403238,235/34,9.67,Well-irrigated,Black Cotton Soil,Well,Safflower,Sesame,Wheat,Yes,DCCB Pune,No,Yes,2023-05-11,Active,235/34,Verified,32465576748,Bhogtavadar Varg-1,0.4,15.63,16/02/2024,KID8380288830,18.419958,75.854926,175.4,Local Variety,2024-11-03,Rain-fed,Yes,286281,5725,XXXX5159XX,MAHB7334392,0.607,0.428,29.5,23.5,,,
MH-AS-SAT-10000025,mangal.more42,Mangal More,Female,1974-12-02,51,SC,XXXX-XXXX-2685,8886681160,Maharashtra,Satara,Satara,Satara_Village_56,439594,61/47,9.59,Canal-irrigated,Red Laterite,Drip,Soybean,Bajra,,No,DCCB Pune,Yes,No,2022-12-09,Active,61/47,Verified,38943866829,Bhogtavadar Varg-1,0.0,15.67,01/03/2025,KID5125452643,17.958181,73.989384,174.7,JS-9305,2024-06-19,Rain-fed,Yes,242570,4851,XXXX8062XX,MAHB9954202,0.773,0.628,18.8,11.3,,,
MH-AS-NAS-10000015,anil.pawar24,Anil Pawar,Male,1991-04-16,35,ST,XXXX-XXXX-1245,9432794805,Maharashtra,Nashik,Nashik,Nashik_Village_12,414066,766/4,4.59,Canal-irrigated,Alluvial,Borewell,Peas,Onion,Cucumber,No,,No,Yes,2023-01-16,Active,766/4,Verified,38826851692,Bhogtavadar Varg-2,0.0,8.66,13/02/2024,KID7887995190,19.723245,73.57749,120.9,Local Variety,2024-10-21,Rain-fed,Yes,137646,2752,XXXX1792XX,MAHB5918939,0.798,0.606,24.1,23.3,2024-11-24,79.0,Disbursed
MH-AS-PUN-10000023,anil.pawar14,Anil Pawar,Male,2000-01-15,26,General,XXXX-XXXX-1777,8184524456,Maharashtra,Pune,Mulshi,Mulshi_Village_84,431914,433/32,8.09,Semi-irrigated,Alluvial,Canal,Turmeric,Grapes,Maize,Yes,Bank of Baroda,No,No,2024-06-19,Active,433/32,Verified,35748253283,Bhogtavadar Varg-1,0.0,13.18,17/02/2024,KID3393941945,18.480859,74.154009,160.5,Salem,2024-07-03,Rain-fed,Yes,369325,7386,XXXX9029XX,MAHB6191477,0.557,0.393,29.4,24.8,2025-02-08,63.9,Pending Review
MH-AS-DHU-10000017,rekha.pawar97,Rekha Pawar,Female,1991-07-08,34,SBC,XXXX-XXXX-8747,7841377697,Maharashtra,Dhule,Sakri,Sakri_Village_54,400036,663/7,11.83,Rain-fed,Black Cotton Soil,River Lift,Moong Dal,Groundnut,Onion,No,Canara Bank,Yes,No,2024-07-24,Active,663/7,Verified,39421518487,Bhogtavadar Varg-1,0.0,19.27,09/08/2024,KID7588052444,20.612388,74.531261,194.1,Local Variety,2024-10-28,Rain-fed,Yes,297088,5941,XXXX5461XX,MAHB7063193,0.606,0.516,14.9,24.4,,,
MH-AS-SAT-10000026,meena.nirmal29,Meena Nirmal,Female,1957-05-09,69,General,XXXX-XXXX-8507,9792746790,Maharashtra,Satara,Wai,Wai_Village_23,425910,362/27,6.95,Semi-irrigated,Sandy Loam,River Lift,Turmeric,Peas,,Yes,Union Bank,Yes,No,2023-02-26,Active,362/27,Verified,38854238082,Bhogtavadar Varg-1,0.0,11.15,19/02/2024,KID1088236347,17.690438,74.262922,148.7,Salem,2024-07-13,Rain-fed,No,0,0,XXXX7586XX,MAHB5149432,0.716,0.691,3.5,24.4,,,
MH-AS-LAT-10000021,meena.wagh83,Meena Wagh,Female,1957-02-05,69,NT,XXXX-XXXX-6756,7023225226,Maharashtra,Latur,Nilanga,Nilanga_Village_26,402107,525/49,5.86,Well-irrigated,Red Laterite,Drip,Cotton,Tomato,,Yes,,No,No,2022-10-04,Active,525/49,Verified,34037867512,Bhogtavadar Varg-1,0.0,11.62,16/01/2025,KID2477641837,18.637427,76.696039,136.6,Bt-Hybrid,2024-06-24,Rain-fed,Yes,334625,6692,XXXX8223XX,MAHB9066512,0.552,0.457,17.2,18.9,,,
MH-AS-OSM-10000020,pandurang.more46,Pandurang More,Male,1966-12-27,59,NT,XXXX-XXXX-5842,9547334591,Maharashtra,Osmanabad,Omerga,Omerga_Village_93,443989,344/47,11.66,Irrigated,Alluvial,Canal,Sunflower,Urad Dal,,No,,Yes,No,2023-02-10,Active,344/47,Verified,32870403050,Bhogtavadar Varg-1,0.47,22.1,13/01/2025,KID5846064969,17.91885,76.150358,192.7,Local Variety,2024-11-09,Irrigated,No,0,0,XXXX1141XX,MAHB9766725,0.622,0.542,12.9,24.9,,,
MH-AS-OSM-10000021,lata.pawar41,Lata Pawar,Female,1994-01-03,32,General,XXXX-XXXX-3848,7685268086,Maharashtra,Osmanabad,Osmanabad,Osmanabad_Village_94,421518,918/38,6.06,Canal-irrigated,Medium Black,Borewell,Bajra,Tur Dal,Sunflower,Yes,,Yes,Yes,2025-06-15,Inactive,918/38,Unverified,37371573279,Bhogtavadar Varg-1,0.0,10.55,09/07/2024,KID1196675684,18.427274,76.110181,138.9,GHB-732,2024-06-18,Rain-fed,Yes,120282,2405,XXXX3070XX,MAHB6311900,0.716,0.307,57.1,14.2,,,
MH-AS-AMR-10000019,ganesh.patil63,Ganesh Patil,Male,1957-07-21,68,OBC,XXXX-XXXX-9792,8157359707,Maharashtra,Amravati,Daryapur,Daryapur_Village_18,434251,929/12,7.1,Rain-fed,Black Cotton Soil,Rain-fed,Cotton,Groundnut,Linseed,No,Maharashtra Gramin Bank,No,No,2023-05-05,Active,929/12,Verified,36447717367,Bhogtavadar Varg-1,0.0,12.2,19/02/2025,KID7588199607,21.018077,78.063743,150.3,Bt-Hybrid,2024-06-17,Rain-fed,Yes,372068,7441,XXXX8690XX,MAHB5767130,0.696,0.593,14.8,20.8,,,
MH-AS-AHM-10000017,meena.mahale61,Meena Mahale,Female,1964-09-27,61,OBC,XXXX-XXXX-8253,7867683802,Maharashtra,Ahmednagar,Kopargaon,Kopargaon_Village_91,413190,27/21,5.59,Semi-irrigated,Alluvial,Canal,Moong Dal,Wheat,,Yes,,Yes,Yes,2024-10-23,Inactive,27/21,Unverified,34658080160,Bhogtavadar Varg-2,0.0,9.73,07/03/2024,KID7691841867,18.729489,74.432619,133.4,Local Variety,2024-11-12,Rain-fed,Yes,143060,2861,XXXX4779XX,MAHB1351314,0.55,0.162,70.5,23.9,,,
MH-AS-NAS-10000016,vitthal.gavit51,Vitthal Gavit,Male,1973-02-08,53,SC,XXXX-XXXX-5543,7512927647,Maharashtra,Nashik,Sinnar,Sinnar_Village_45,438705,225/24,9.26,Well-irrigated,Red Laterite,Well,Maize,Sugarcane,Coriander,Yes,Canara Bank,No,Yes,2022-09-17,Active,225/24,Verified,35667181604,Inam,0.0,17.69,11/10/2024,KID8877000774,20.272072,73.644946,171.7,Ganga-11,2024-06-17,Rain-fed,Yes,210782,4215,XXXX7808XX,MAHB8480215,0.654,0.574,12.2,31.7,2025-01-29,76.7,Flagged
MH-AS-PUN-10000024,pushpa.bhosale47,Pushpa Bhosale,Female,1982-10-04,43,SC,XXXX-XXXX-8821,7220778916,Maharashtra,Pune,Purandar,Purandar_Village_90,402548,22/12,3.67,Canal-irrigated,Alluvial,River Lift,Cauliflower,Turmeric,Ginger,No,Bank of Baroda,No,Yes,2024-11-14,Active,22/12,Verified,39081544414,Bhogtavadar Varg-1,0.0,6.84,31/01/2024,KID3958101052,18.58602,73.746661,108.1,Local Variety,2024-11-10,Rain-fed,Yes,99771,1995,XXXX4817XX,MAHB9325939,0.749,0.59,21.2,26.5,2024-11-23,13.3,Pending Review
MH-AS-JAL-10000017,shyam.nirmal92,Shyam Nirmal,Male,2000-11-26,25,General,XXXX-XXXX-6999,9087967034,Maharashtra,Jalgaon,Amalner,Amalner_Village_30,442172,890/28,4.38,Canal-irrigated,Sandy Loam,Drip,Chilli,Bajra,,Yes,Union Bank,Yes,No,2024-06-16,Active,890/28,Verified,36922713963,Bhogtavadar Varg-1,0.0,7.33,27/10/2024,KID2269527396,20.885102,75.745627,118.1,LCA-334,2024-06-25,Rain-fed,No,0,0,XXXX8958XX,MAHB7693382,0.789,0.654,17.1,25.8,,,
MH-AS-KOL-10000016,tukaram.gaikwad86,Tukaram Gaikwad,Male,1978-12-20,47,General,XXXX-XXXX-8387,9073202180,Maharashtra,Kolhapur,Shirol,Shirol_Village_62,438834,6/18,6.17,Irrigated,Sandy Loam,Well,Wheat,Ginger,,No,Maharashtra Gramin Bank,No,No,2025-07-16,Active,6/18,Verified,35418232833,Bhogtavadar Varg-2,0.0,10.3,14/10/2024,KID6768842229,16.523649,74.254438,140.1,HD-2781,2024-11-09,Irrigated,No,0,0,XXXX9359XX,MAHB7313260,0.816,0.725,11.2,35.5,,,
MH-AS-NAN-10000025,mamta.salve85,Mamta Salve,Female,1989-12-31,36,SC,XXXX-XXXX-1850,8594484017,Maharashtra,Nanded,Mudkhed,Mudkhed_Village_91,442119,242/40,8.34,Irrigated,Medium Black,Well,Banana,Moong Dal,Onion,Yes,,No,Yes,2025-04-27,Active,242/40,Verified,38949781901,Bhogtavadar Varg-1,0.41,13.67,14/10/2024,KID1676776754,19.381855,77.706198,162.9,Grand Naine,2024-10-30,Irrigated,No,0,0,XXXX5171XX,MAHB6588459,0.617,0.554,10.2,24.0,,,
MH-AS-NAN-10000026,rajesh.surve15,Rajesh Surve,Male,1969-08-03,56,NT,XXXX-XXXX-2684,9165196097,Maharashtra,Nanded,Deglur,Deglur_Village_8,442227,795/43,8.01,Canal-irrigated,Alluvial,Drip,Tomato,Soybean,,No,,Yes,Yes,2023-12-05,Active,795/43,Verified,36075963527,Bhogtavadar Varg-1,0.0,14.93,17/06/2024,KID5692136325,18.773215,77.291238,159.7,Abhinav,2024-10-19,Rain-fed,No,0,0,XXXX7015XX,MAHB3880665,0.552,0.38,31.2,250.4,,,
MH-AS-PUN-10000025,lalita.wagh48,Lalita Wagh,Female,1982-08-19,43,SC,XXXX-XXXX-4890,8484289265,Maharashtra,Pune,Purandar,Purandar_Village_96,428971,931/44,2.68,Rain-fed,Red Laterite,Drip,Bajra,Tomato,Cabbage,No,DCCB Pune,Yes,Yes,2025-04-25,Pending,931/44,Pending,36206015111,Bhogtavadar Varg-1,0.0,5.11,09/12/2024,KID6974330572,18.571819,73.606188,92.4,GHB-732,2024-06-22,Rain-fed,Yes,49697,993,XXXX7634XX,MAHB2104053,0.619,0.437,29.4,14.0,,,
MH-AS-KOL-10000017,lalita.yadav65,Lalita Yadav,Female,1992-04-26,34,ST,XXXX-XXXX-7633,7851768648,Maharashtra,Kolhapur,Karvir,Karvir_Village_22,420373,825/38,3.01,Semi-irrigated,Sandy Loam,Drip,Bhendi (Okra),Jackfruit,,No,Bank of Baroda,Yes,No,2023-12-06,Active,825/38,Verified,38721631198,Bhogtavadar Varg-1,0.28,5.14,03/03/2024,KID7634848061,16.785965,74.382453,97.9,Local Variety,2024-11-10,Rain-fed,No,0,0,XXXX8156XX,MAHB7458972,0.727,0.528,27.4,24.1,,,
MH-AS-OSM-10000022,shobha.lokhande45,Shobha Lokhande,Female,1995-09-06,30,OBC,XXXX-XXXX-2990,8762875883,Maharashtra,Osmanabad,Tuljapur,Tuljapur_Village_30,422040,342/45,10.02,Well-irrigated,Sandy Loam,River Lift,Moong Dal,Chilli,,Yes,,No,No,2023-08-04,Inactive,342/45,Unverified,36756711494,Inam,0.0,16.12,29/07/2024,KID9255851448,18.479387,76.348063,178.6,Local Variety,2024-10-31,Rain-fed,Yes,264858,5297,XXXX5205XX,MAHB5676253,0.642,0.093,85.5,25.5,,,
MH-AS-NAG-10000024,usha.lokhande60,Usha Lokhande,Female,1957-12-05,68,SBC,XXXX-XXXX-4516,9971174533,Maharashtra,Nagpur,Ramtek,Ramtek_Village_58,430534,777/44,6.45,Canal-irrigated,Black Cotton Soil,River Lift,Guava,Amla,,No,,Yes,Yes,2025-01-12,Active,777/44,Verified,39633533290,Bhogtavadar Varg-2,0.0,10.53,30/06/2024,KID2112243392,21.361718,79.029343,143.3,Local Variety,2024-11-13,Rain-fed,Yes,188797,3775,XXXX6850XX,MAHB6884263,0.73,0.648,11.2,26.6,2025-01-03,17.5,Disbursed
MH-AS-AMR-10000020,vandana.desai49,Vandana Desai,Female,1970-12-13,55,SC,XXXX-XXXX-3517,8779328407,Maharashtra,Amravati,Daryapur,Daryapur_Village_31,428033,654/48,0.45,Well-irrigated,Black Cotton Soil,Borewell,Castor,Jowar,,Yes,,Yes,No,2023-12-25,Active,654/48,Verified,35071897791,Bhogtavadar Varg-2,0.0,0.89,23/03/2025,KID4944865378,21.035322,77.796542,37.8,Local Variety,2024-10-17,Rain-fed,No,0,0,XXXX3254XX,MAHB1707443,0.799,0.754,5.6,24.7,2024-11-14,50.1,Approved
MH-AS-NAG-10000025,ratan.chavan86,Ratan Chavan,Male,1950-06-25,75,SC,XXXX-XXXX-8402,7788093951,Maharashtra,Nagpur,Nagpur Urban,Nagpur Urban_Village_91,413750,353/25,1.34,Well-irrigated,Red Laterite,Drip,Wheat,Tur Dal,Cotton,Yes,DCCB Pune,Yes,Yes,2023-05-07,Active,353/25,Verified,31367704871,Bhogtavadar Varg-1,0.0,2.3,06/12/2024,KID2510715212,20.774159,78.77532,65.3,HD-2781,2024-10-17,Rain-fed,Yes,45730,914,XXXX4183XX,MAHB7519499,0.721,0.655,9.2,36.5,2025-04-15,12.7,Pending Review
MH-AS-AHM-10000018,yamuna.kadam19,Yamuna Kadam,Female,1999-02-16,27,NT,XXXX-XXXX-6750,9974226780,Maharashtra,Ahmednagar,Kopargaon,Kopargaon_Village_12,413656,459/29,7.32,Semi-irrigated,Black Cotton Soil,Borewell,Soybean,Onion,,No,Bank of Maharashtra,Yes,Yes,2023-12-24,Inactive,459/29,Unverified,38387664437,Bhogtavadar Varg-1,0.0,13.96,19/01/2025,KID5566043216,19.394088,74.666334,152.6,JS-9305,2024-06-27,Rain-fed,No,0,0,XXXX3380XX,MAHB7928701,0.58,0.173,70.2,10.8,,,
MH-AS-AUR-10000024,vandana.mahale57,Vandana Mahale,Female,1979-07-19,46,SC,XXXX-XXXX-3508,7852101348,Maharashtra,Aurangabad,Aurangabad,Aurangabad_Village_51,439268,52/24,11.28,Canal-irrigated,Medium Black,Tank,Maize,Jowar,,Yes,Canara Bank,No,Yes,2023-09-09,Active,52/24,Verified,34256292393,Bhogtavadar Varg-1,0.05,20.87,04/08/2024,KID3925012528,19.830583,75.38986,189.5,Ganga-11,2024-06-22,Rain-fed,Yes,264630,5292,XXXX9783XX,MAHB6310703,0.717,0.591,17.6,29.9,,,
MH-AS-OSM-10000023,vilas.lokhande77,Vilas Lokhande,Male,1953-12-08,72,ST,XXXX-XXXX-8979,8599011792,Maharashtra,Osmanabad,Osmanabad,Osmanabad_Village_89,428778,899/11,10.39,Irrigated,Black Cotton Soil,Rain-fed,Groundnut,Moong Dal,Tomato,No,Bank of Maharashtra,No,Yes,2023-06-09,Active,899/11,Verified,38261111839,Bhogtavadar Varg-1,0.0,18.21,20/03/2025,KID4947335918,17.975384,76.189834,181.9,TAG-24,2024-07-01,Irrigated,Yes,267369,5347,XXXX7219XX,MAHB6350324,0.645,0.51,20.9,18.2,2025-03-30,35.3,Approved
MH-AS-AMR-10000021,vandana.desai36,Vandana Desai,Female,1964-06-22,61,OBC,XXXX-XXXX-3719,8667358110,Maharashtra,Amravati,Daryapur,Daryapur_Village_68,426582,415/32,5.32,Semi-irrigated,Black Cotton Soil,River Lift,Paddy,Moong Dal,,No,State Bank of India,Yes,No,2024-12-14,Active,415/32,Verified,37403028869,Bhogtavadar Varg-1,0.0,8.95,04/01/2025,KID6874342398,20.98338,77.390221,130.1,Jyoti,2024-06-24,Rain-fed,Yes,136288,2725,XXXX9974XX,MAHB8243805,0.586,0.485,17.2,40.9,2024-10-25,10.0,Approved
MH-AS-SAN-10000029,lalita.yadav33,Lalita Yadav,Female,1953-05-14,73,General,XXXX-XXXX-8469,7442328442,Maharashtra,Sangli,Sangli,Sangli_Village_76,424667,841/28,7.26,Semi-irrigated,Red Laterite,Canal,Sugarcane,Grapes,,Yes,,No,No,2022-11-26,Active,841/28,Verified,34405620755,Bhogtavadar Varg-2,0.09,11.97,27/01/2024,KID9303201953,17.030975,74.617213,152.0,Co-86032,2024-06-30,Rain-fed,Yes,526455,10529,XXXX8658XX,MAHB5898463,0.773,0.704,8.9,699.7,,,
MH-AS-AHM-10000019,suresh.thorat60,Suresh Thorat,Male,1972-02-04,54,NT,XXXX-XXXX-2436,8533340407,Maharashtra,Ahmednagar,Shevgaon,Shevgaon_Village_74,415809,50/43,4.0,Irrigated,Medium Black,Borewell,Chilli,Sugarcane,,No,Bank of Baroda,No,Yes,2023-10-31,Active,50/43,Verified,35694628398,Bhogtavadar Varg-2,0.0,7.38,27/05/2024,KID1553767436,19.121526,75.142739,112.8,LCA-334,2024-06-21,Irrigated,No,0,0,XXXX9544XX,MAHB6086030,0.788,0.639,18.9,25.3,,,
MH-AS-AMR-10000022,ganesh.jadhav63,Ganesh Jadhav,Male,1977-01-28,49,SC,XXXX-XXXX-6800,9042690319,Maharashtra,Amravati,Amravati,Amravati_Village_98,404134,76/34,11.95,Canal-irrigated,Black Cotton Soil,Canal,Tur Dal,Sunflower,Urad Dal,Yes,DCCB Pune,Yes,Yes,2023-04-07,Active,76/34,Verified,36246716604,Bhogtavadar Varg-1,0.0,22.82,03/11/2024,KID5851793915,20.698287,77.608313,195.0,Local Variety,2024-11-11,Rain-fed,Yes,327887,6557,XXXX3557XX,MAHB8598227,0.608,0.51,16.1,24.1,,,
MH-AS-DHU-10000018,vandana.jadhav39,Vandana Jadhav,Female,1981-06-20,44,SBC,XXXX-XXXX-8364,8466890517,Maharashtra,Dhule,Sakri,Sakri_Village_22,418496,134/39,7.91,Well-irrigated,Medium Black,Well,Niger Seed,Maize,,No,,No,No,2024-07-23,Active,134/39,Verified,33971203213,Inam,0.0,14.69,08/06/2024,KID5060756016,21.048288,74.584356,158.7,Local Variety,2024-11-01,Rain-fed,No,0,0,XXXX8384XX,MAHB5591591,0.695,0.62,10.8,25.5,,,
MH-AS-AUR-10000025,dnyanoba.mahale61,Dnyanoba Mahale,Male,1998-09-03,27,SC,XXXX-XXXX-3201,7728499481,Maharashtra,Aurangabad,Sillod,Sillod_Village_59,442309,483/33,0.64,Well-irrigated,Medium Black,Well,Tomato,Onion,,No,DCCB Pune,No,No,2025-09-19,Active,483/33,Verified,37792729530,Bhogtavadar Varg-2,0.0,1.16,29/06/2024,KID7592962363,20.248157,75.596965,45.1,Abhinav,2024-11-09,Rain-fed,Yes,26750,535,XXXX2918XX,MAHB4855922,0.64,0.459,28.3,250.1,,,
MH-AS-AMR-10000023,vikram.shinde52,Vikram Shinde,Male,1963-05-08,63,ST,XXXX-XXXX-7829,8318683189,Maharashtra,Amravati,Morshi,Morshi_Village_39,443509,346/40,7.31,Rain-fed,Alluvial,Rain-fed,Paddy,Tur Dal,,Yes,Canara Bank,Yes,No,2023-04-01,Inactive,346/40,Unverified,37575259637,Bhogtavadar Varg-1,0.0,11.82,23/02/2024,KID1611672210,20.770034,78.115494,152.5,Jyoti,2024-07-08,Rain-fed,Yes,190161,3803,XXXX3835XX,MAHB7188671,0.69,0.431,37.5,41.7,,,
MH-AS-JAL-10000018,sunita.jadhav83,Sunita Jadhav,Female,1996-01-26,30,General,XXXX-XXXX-2246,9812345890,Maharashtra,Jalgaon,Bhusawal,Bhusawal_Village_76,402472,159/45,3.08,Rain-fed,Red Laterite,Well,Papaya,Maize,,No,,Yes,Yes,2022-08-25,Active,159/45,Verified,36715705115,Bhogtavadar Varg-1,0.0,6.12,22/10/2024,KID3372570446,21.158969,75.483578,99.0,Local Variety,2024-10-25,Rain-fed,Yes,73949,1478,XXXX8271XX,MAHB3032169,0.617,0.48,22.2,24.8,,,
MH-AS-AHM-10000020,rekha.dhere44,Rekha Dhere,Female,1994-10-23,31,OBC,XXXX-XXXX-3525,7751244731,Maharashtra,Ahmednagar,Kopargaon,Kopargaon_Village_21,431835,661/37,0.44,Semi-irrigated,Alluvial,Well,Bajra,Moong Dal,,Yes,Bank of Maharashtra,No,Yes,2025-03-05,Active,661/37,Verified,38313706299,Bhogtavadar Varg-1,0.0,0.84,16/09/2024,KID6433635656,19.465164,74.559839,37.4,GHB-732,2024-07-03,Rain-fed,No,0,0,XXXX5863XX,MAHB1316971,0.578,0.397,31.3,14.6,,,
MH-AS-AHM-10000021,vandana.pawar24,Vandana Pawar,Female,1971-03-05,55,SC,XXXX-XXXX-9824,9446610878,Maharashtra,Ahmednagar,Ahmednagar,Ahmednagar_Village_25,415581,339/7,10.37,Rain-fed,Alluvial,Rain-fed,Sugarcane,Groundnut,,Yes,State Bank of India,No,Yes,2025-11-02,Active,339/7,Verified,36458544482,Bhogtavadar Varg-1,0.0,17.81,18/04/2024,KID2648824867,19.306032,74.853873,181.7,Co-86032,2024-06-28,Rain-fed,No,0,0,XXXX2757XX,MAHB2973418,0.707,0.597,15.6,700.3,2025-03-25,85.4,Approved
MH-AS-DHU-10000019,ramesh.wagh48,Ramesh Wagh,Male,1989-09-09,36,ST,XXXX-XXXX-6786,9590833712,Maharashtra,Dhule,Sakri,Sakri_Village_95,413350,802/16,4.64,Irrigated,Medium Black,River Lift,Wheat,Cotton,,No,,No,Yes,2023-07-26,Inactive,802/16,Unverified,32079770569,Bhogtavadar Varg-1,0.28,9.24,20/03/2024,KID2484434436,21.125952,74.751541,121.5,HD-2781,2024-11-12,Irrigated,Yes,157413,3148,XXXX1999XX,MAHB5171126,0.577,0.236,59.1,36.2,,,
MH-AS-DHU-10000020,popat.wagh52,Popat Wagh,Male,1969-01-15,57,NT,XXXX-XXXX-1111,7433403864,Maharashtra,Dhule,Shirpur,Shirpur_Village_82,424265,609/42,1.42,Irrigated,Alluvial,River Lift,Watermelon,Wheat,Jowar,Yes,,No,No,2024-11-14,Active,609/42,Verified,36122110529,Bhogtavadar Varg-2,0.0,2.61,02/12/2024,KID9144315621,20.9187,74.386063,67.2,Local Variety,2024-11-02,Irrigated,Yes,41554,831,XXXX7723XX,MAHB4731100,0.673,0.544,19.2,25.6,,,
MH-AS-NAG-10000026,rajesh.mahale91,Rajesh Mahale,Male,1969-07-11,56,OBC,XXXX-XXXX-9465,8463021609,Maharashtra,Nagpur,Ramtek,Ramtek_Village_43,432515,973/29,7.92,Well-irrigated,Black Cotton Soil,Well,Paddy,Soybean,,Yes,Canara Bank,No,Yes,2025-11-17,Active,973/29,Verified,31795212538,Bhogtavadar Varg-1,0.12,14.52,03/09/2024,KID6276248082,21.35963,78.749311,158.8,Jyoti,2024-07-04,Rain-fed,Yes,229597,4591,XXXX7654XX,MAHB1969613,0.651,0.584,10.3,38.4,,,
MH-AS-AUR-10000026,yamuna.more86,Yamuna More,Female,1966-02-07,60,NT,XXXX-XXXX-1301,9248463837,Maharashtra,Aurangabad,Kannad,Kannad_Village_67,439685,942/5,10.71,Rain-fed,Alluvial,River Lift,Wheat,Chana Dal,,Yes,,No,Yes,2024-03-14,Active,942/5,Verified,37374584386,Bhogtavadar Varg-1,0.5,20.34,24/04/2024,KID3797010475,19.773625,75.235051,184.6,HD-2781,2024-10-25,Rain-fed,Yes,310279,6205,XXXX8168XX,MAHB7668802,0.789,0.654,17.1,35.5,2024-11-11,50.0,Pending Review
MH-AS-NAS-10000017,shobha.mahale55,Shobha Mahale,Female,1964-02-08,62,NT,XXXX-XXXX-7684,9454165919,Maharashtra,Nashik,Sinnar,Sinnar_Village_54,437187,9/39,2.93,Rain-fed,Sandy Loam,Tank,Peas,Coriander,Cauliflower,Yes,,No,Yes,2023-09-25,Active,9/39,Verified,36128695961,Bhogtavadar Varg-1,0.0,5.64,09/03/2025,KID2295023827,20.338437,73.549189,96.6,Local Variety,2024-11-07,Rain-fed,Yes,84959,1699,XXXX9590XX,MAHB7857131,0.645,0.583,9.6,25.0,,,
MH-AS-PUN-10000026,pushpa.pawar73,Pushpa Pawar,Female,1988-05-15,38,ST,XXXX-XXXX-7469,8787807089,Maharashtra,Pune,Maval,Maval_Village_34,419612,226/19,9.63,Rain-fed,Sandy Loam,Borewell,Cabbage,Onion,,Yes,,No,Yes,2024-07-30,Active,226/19,Verified,36272000062,Bhogtavadar Varg-1,0.0,17.94,25/02/2024,KID5246981598,18.855362,73.54788,175.1,Local Variety,2024-10-20,Rain-fed,Yes,256155,5123,XXXX8968XX,MAHB9184991,0.621,0.501,19.3,26.4,,,
MH-AS-OSM-10000024,ramesh.thorat20,Ramesh Thorat,Male,1999-12-18,26,SC,XXXX-XXXX-8337,8162747288,Maharashtra,Osmanabad,Lohara,Lohara_Village_93,426465,973/32,7.69,Irrigated,Sandy Loam,Well,Tur Dal,Chana Dal,,No,,Yes,Yes,2024-01-12,Active,973/32,Verified,36065662867,Shasakiya,0.0,12.7,28/06/2024,KID5839849810,18.384213,75.755773,156.5,Local Variety,2024-10-29,Irrigated,No,0,0,XXXX2947XX,MAHB8266883,0.711,0.69,3.0,23.5,,,
MH-AS-AUR-10000027,saraswati.mane53,Saraswati Mane,Female,1950-10-17,75,OBC,XXXX-XXXX-6651,9217802675,Maharashtra,Aurangabad,Aurangabad,Aurangabad_Village_62,411983,905/14,8.32,Well-irrigated,Red Laterite,Canal,Bajra,Wheat,,Yes,,No,Yes,2024-06-15,Inactive,905/14,Unverified,39650701349,Bhogtavadar Varg-2,0.0,14.44,08/03/2025,KID5110089487,20.174142,75.49058,162.7,GHB-732,2024-06-19,Rain-fed,Yes,144711,2894,XXXX3866XX,MAHB7322064,0.554,0.05,91.0,15.6,,,
MH-AS-NAG-10000027,rukhmini.yadav59,Rukhmini Yadav,Female,1981-11-05,44,ST,XXXX-XXXX-1017,7947376366,Maharashtra,Nagpur,Nagpur Rural,Nagpur Rural_Village_1,428052,888/25,6.34,Well-irrigated,Red Laterite,Well,Wheat,Orange,Papaya,No,Bank of Maharashtra,Yes,Yes,2023-01-06,Active,888/25,Verified,33294092753,Bhogtavadar Varg-1,0.0,12.5,11/10/2024,KID5196862742,21.512711,78.739078,142.1,HD-2781,2024-11-07,Rain-fed,Yes,195234,3904,XXXX5443XX,MAHB8719110,0.781,0.625,20.0,36.6,,,
MH-AS-NAG-10000028,pushpa.bhosale16,Pushpa Bhosale,Female,1956-01-05,70,NT,XXXX-XXXX-7180,9799347936,Maharashtra,Nagpur,Hingna,Hingna_Village_70,407498,475/29,8.39,Semi-irrigated,Sandy Loam,Drip,Garlic,Paddy,Papaya,No,State Bank of India,Yes,No,2023-12-23,Active,475/29,Verified,32178158203,Bhogtavadar Varg-1,0.0,14.18,07/07/2024,KID1277584078,20.944787,79.122008,163.4,Local Variety,2024-10-22,Rain-fed,Yes,225554,4511,XXXX2144XX,MAHB5670153,0.565,0.484,14.3,26.7,2024-12-10,14.5,Pending Review
MH-AS-PUN-10000027,saraswati.salve64,Saraswati Salve,Female,1972-02-03,54,OBC,XXXX-XXXX-3332,9929922917,Maharashtra,Pune,Mulshi,Mulshi_Village_62,427852,207/33,10.44,Canal-irrigated,Red Laterite,Canal,Groundnut,Onion,,Yes,,No,No,2023-11-14,Active,207/33,Verified,35184564874,Bhogtavadar Varg-1,0.14,18.26,28/02/2024,KID4557137724,18.29349,73.583367,182.3,TAG-24,2024-06-19,Rain-fed,No,0,0,XXXX3367XX,MAHB7264298,0.793,0.624,21.3,18.2,,,
MH-AS-DHU-10000021,narayan.thorat56,Narayan Thorat,Male,1989-12-07,36,NT,XXXX-XXXX-5164,7452569283,Maharashtra,Dhule,Dhule,Dhule_Village_33,403896,555/12,11.9,Well-irrigated,Sandy Loam,Drip,Soybean,Bajra,Jowar,No,,No,Yes,2024-09-01,Active,555/12,Verified,37671625956,Bhogtavadar Varg-1,0.0,21.1,25/01/2025,KID5003587597,21.181389,74.934797,194.6,JS-9305,2024-06-28,Rain-fed,No,0,0,XXXX6352XX,MAHB3125676,0.693,0.63,9.1,11.1,,,
MH-AS-AHM-10000022,ganesh.kale64,Ganesh Kale,Male,1971-09-26,54,General,XXXX-XXXX-7707,8635687928,Maharashtra,Ahmednagar,Shevgaon,Shevgaon_Village_4,428331,350/35,11.5,Rain-fed,Alluvial,Drip,Groundnut,Soybean,Bajra,Yes,Bank of Maharashtra,No,No,2022-04-30,Active,350/35,Verified,33108307952,Bhogtavadar Varg-1,0.44,20.42,22/05/2024,KID2937190715,18.913402,74.658828,191.3,TAG-24,2024-06-29,Rain-fed,Yes,302418,6048,XXXX5159XX,MAHB9476884,0.686,0.49,28.6,16.5,,,
MH-AS-SOL-10000018,vandana.patil34,Vandana Patil,Female,1994-03-27,32,NT,XXXX-XXXX-4286,7254807920,Maharashtra,Solapur,Barshi,Barshi_Village_93,436619,435/20,1.82,Rain-fed,Alluvial,Drip,Groundnut,Moong Dal,,Yes,,No,Yes,2023-01-10,Inactive,435/20,Unverified,34748302739,Bhogtavadar Varg-1,0.0,3.36,20/10/2024,KID8567764047,17.910741,75.981401,76.1,TAG-24,2024-06-30,Rain-fed,Yes,48603,972,XXXX6698XX,MAHB9210855,0.734,0.445,39.4,19.9,,,
MH-AS-JAL-10000019,suresh.more48,Suresh More,Male,1961-11-07,64,SBC,XXXX-XXXX-5423,7689786789,Maharashtra,Jalgaon,Jalgaon,Jalgaon_Village_58,440793,922/44,6.67,Irrigated,Medium Black,Well,Moong Dal,Wheat,,Yes,Bank of Maharashtra,Yes,Yes,2025-08-02,Active,922/44,Verified,37760554363,Bhogtavadar Varg-1,0.37,13.19,25/04/2024,KID4084789317,20.951472,75.795858,145.7,Local Variety,2024-10-23,Irrigated,Yes,190440,3808,XXXX4899XX,MAHB9014228,0.74,0.696,5.9,23.2,,,
MH-AS-SAN-10000030,sadashiv.nirmal57,Sadashiv Nirmal,Male,1954-08-10,71,SBC,XXXX-XXXX-5800,8071226879,Maharashtra,Sangli,Jat,Jat_Village_36,401868,546/16,7.56,Well-irrigated,Sandy Loam,River Lift,Chilli,Tomato,Pomegranate,Yes,State Bank of India,No,No,2022-07-08,Active,546/16,Verified,37311011808,Bhogtavadar Varg-1,0.0,12.82,17/02/2025,KID9781780598,16.507213,74.474341,155.1,LCA-334,2024-07-13,Rain-fed,Yes,222203,4444,XXXX1369XX,MAHB4963496,0.662,0.528,20.2,23.9,2025-02-12,17.5,Flagged
MH-AS-SAT-10000027,ratan.salve24,Ratan Salve,Male,1978-07-21,47,OBC,XXXX-XXXX-1325,9716547926,Maharashtra,Satara,Wai,Wai_Village_30,421449,197/32,0.97,Semi-irrigated,Sandy Loam,Rain-fed,Bajra,Maize,,Yes,DCCB Nashik,No,Yes,2024-01-04,Inactive,197/32,Unverified,37186766399,Bhogtavadar Varg-1,0.18,1.6,07/08/2024,KID1945619844,17.647949,74.285428,55.6,GHB-732,2024-06-26,Rain-fed,Yes,16250,325,XXXX4461XX,MAHB3591655,0.661,0.258,61.0,13.3,,,
MH-AS-SAN-10000031,lalita.mahale19,Lalita Mahale,Female,1959-03-14,67,OBC,XXXX-XXXX-4662,8685042492,Maharashtra,Sangli,Tasgaon,Tasgaon_Village_81,410818,747/4,6.84,Well-irrigated,Sandy Loam,Well,Tomato,Sugarcane,,No,Bank of Baroda,Yes,No,2024-12-17,Pending,747/4,Pending,35515628633,Bhogtavadar Varg-1,0.0,11.48,08/03/2025,KID2852936882,16.87091,74.933949,147.6,Abhinav,2024-11-06,Rain-fed,Yes,275958,5519,XXXX3377XX,MAHB1008963,0.735,0.518,29.5,251.7,,,
MH-AS-SOL-10000019,usha.mahale44,Usha Mahale,Female,1966-01-11,60,NT,XXXX-XXXX-9693,9180603903,Maharashtra,Solapur,North Solapur,North Solapur_Village_42,432166,784/40,5.15,Rain-fed,Alluvial,Drip,Urad Dal,Tomato,Moong Dal,No,Union Bank,No,Yes,2023-09-19,Active,784/40,Verified,33051831252,Bhogtavadar Varg-1,0.0,10.07,14/10/2024,KID4814579199,17.348515,76.30586,128.0,Local Variety,2024-10-27,Rain-fed,Yes,127241,2544,XXXX7749XX,MAHB7834625,0.681,0.59,13.4,24.4,2025-02-10,39.2,Flagged
MH-AS-AMR-10000024,meena.desai91,Meena Desai,Female,1950-04-07,76,SBC,XXXX-XXXX-9485,8984431779,Maharashtra,Amravati,Achalpur,Achalpur_Village_17,422529,591/19,4.68,Well-irrigated,Sandy Loam,Borewell,Moong Dal,Wheat,,Yes,Canara Bank,Yes,No,2022-05-06,Active,591/19,Verified,34530959836,Bhogtavadar Varg-1,0.0,8.7,27/01/2025,KID7654256890,21.32511,77.997099,122.1,Local Variety,2024-10-26,Rain-fed,No,0,0,XXXX5033XX,MAHB3113879,0.72,0.527,26.8,25.5,,,
MH-AS-AUR-10000028,lata.bhosale74,Lata Bhosale,Female,1968-04-12,58,NT,XXXX-XXXX-2206,9553718461,Maharashtra,Aurangabad,Kannad,Kannad_Village_71,432026,571/11,10.18,Irrigated,Sandy Loam,Well,Mango,Castor,,Yes,,Yes,No,2025-02-05,Active,571/11,Verified,37015992643,Bhogtavadar Varg-1,0.43,17.45,23/02/2025,KID3614776493,20.176484,75.636027,180.0,Local Variety,2024-10-17,Irrigated,Yes,251679,5033,XXXX6685XX,MAHB3996125,0.646,0.617,4.5,24.0,2024-12-19,76.4,Disbursed
MH-AS-SOL-10000020,vandana.thorat23,Vandana Thorat,Female,1967-11-17,58,SBC,XXXX-XXXX-2444,8842223750,Maharashtra,Solapur,North Solapur,North Solapur_Village_31,441402,793/5,10.14,Semi-irrigated,Alluvial,River Lift,Bajra,Urad Dal,Muskmelon,Yes,DCCB Pune,No,Yes,2025-07-03,Active,793/5,Verified,39908115095,Shasakiya,0.0,19.53,14/11/2024,KID5435074406,17.407702,76.249782,179.7,GHB-732,2024-07-04,Rain-fed,Yes,189025,3780,XXXX6238XX,MAHB9519956,0.702,0.586,16.5,13.7,,,
MH-AS-SAT-10000028,geeta.bhosale40,Geeta Bhosale,Female,1953-12-08,72,SBC,XXXX-XXXX-1315,8638856008,Maharashtra,Satara,Satara,Satara_Village_62,428678,847/49,4.01,Semi-irrigated,Sandy Loam,Tank,Soybean,Tomato,,No,,Yes,Yes,2024-07-01,Active,847/49,Verified,31230249217,Bhogtavadar Varg-2,0.22,7.8,10/11/2024,KID9832759303,17.821004,74.095975,113.0,JS-9305,2024-07-01,Rain-fed,Yes,99962,1999,XXXX8258XX,MAHB2877234,0.776,0.713,8.1,11.9,,,
MH-AS-PUN-10000028,ramesh.gaikwad53,Ramesh Gaikwad,Male,1975-02-24,51,SC,XXXX-XXXX-9887,8240023268,Maharashtra,Pune,Shirur,Shirur_Village_65,410659,614/10,2.27,Well-irrigated,Red Laterite,Rain-fed,Onion,Brinjal,Groundnut,Yes,,No,Yes,2022-07-21,Inactive,614/10,Unverified,32304963614,Bhogtavadar Varg-1,0.0,4.4,11/12/2024,KID9729866450,18.911482,73.660068,85.0,Bhima Raj,2024-06-16,Rain-fed,No,0,0,XXXX9524XX,MAHB4385542,0.661,0.246,62.8,199.2,,,
MH-AS-LAT-10000022,vikram.kale96,Vikram Kale,Male,1948-02-10,78,NT,XXXX-XXXX-2292,7031284102,Maharashtra,Latur,Ausa,Ausa_Village_90,420751,43/17,11.04,Semi-irrigated,Medium Black,River Lift,Wheat,Bajra,,Yes,Bank of Baroda,No,Yes,2022-07-26,Active,43/17,Verified,35268845844,Bhogtavadar Varg-1,0.25,21.72,25/11/2024,KID8557964977,18.803209,76.957162,187.5,HD-2781,2024-10-21,Rain-fed,Yes,375183,7503,XXXX4062XX,MAHB9938379,0.655,0.499,23.8,35.0,,,
MH-AS-KOL-10000018,arjun.more42,Arjun More,Male,2002-01-27,24,SBC,XXXX-XXXX-2539,9519615852,Maharashtra,Kolhapur,Karvir,Karvir_Village_67,404195,358/43,4.08,Semi-irrigated,Sandy Loam,Borewell,Soybean,Banana,Pepper,No,DCCB Pune,No,No,2024-03-05,Active,358/43,Verified,38578226896,Bhogtavadar Varg-1,0.44,6.94,12/10/2024,KID4282571057,17.039885,74.041897,114.0,JS-9305,2024-06-30,Rain-fed,No,0,0,XXXX3040XX,MAHB6044992,0.622,0.467,24.9,13.1,2024-12-26,62.3,Approved
MH-AS-LAT-10000023,yamuna.pawar19,Yamuna Pawar,Female,1999-11-30,26,General,XXXX-XXXX-4745,8237098977,Maharashtra,Latur,Udgir,Udgir_Village_56,406752,651/41,10.52,Well-irrigated,Alluvial,River Lift,Linseed,Jowar,Tur Dal,No,,No,No,2024-10-09,Active,651/41,Verified,37539399243,Bhogtavadar Varg-1,0.45,20.01,14/01/2024,KID4826393733,18.015835,76.50148,183.0,Local Variety,2024-10-31,Rain-fed,Yes,271074,5421,XXXX2209XX,MAHB6171783,0.704,0.681,3.3,26.5,,,
MH-AS-AUR-10000029,tukaram.salve65,Tukaram Salve,Male,1984-10-17,41,NT,XXXX-XXXX-5096,7558495066,Maharashtra,Aurangabad,Gangapur,Gangapur_Village_68,418657,489/43,10.13,Well-irrigated,Black Cotton Soil,Borewell,Onion,Maize,Soybean,Yes,DCCB Pune,No,No,2024-01-21,Active,489/43,Verified,37196439534,Bhogtavadar Varg-1,0.0,18.07,07/11/2024,KID8831663433,20.207439,75.575716,179.6,Bhima Raj,2024-07-06,Rain-fed,No,0,0,XXXX7732XX,MAHB8096401,0.79,0.689,12.8,198.3,,,
MH-AS-AMR-10000025,rajesh.bhosale88,Rajesh Bhosale,Male,1979-01-23,47,ST,XXXX-XXXX-4706,9339020766,Maharashtra,Amravati,Daryapur,Daryapur_Village_3,417426,461/22,3.35,Irrigated,Medium Black,Canal,Wheat,Safflower,,Yes,Bank of Baroda,Yes,No,2022-06-09,Active,461/22,Verified,39547119184,Shasakiya,0.0,6.49,02/12/2024,KID8201166971,20.72238,77.63335,103.3,HD-2781,2024-11-01,Irrigated,Yes,112526,2250,XXXX7648XX,MAHB1873938,0.557,0.487,12.6,33.4,,,
MH-AS-NAG-10000029,mahesh.kulkarni91,Mahesh Kulkarni,Male,1964-08-10,61,SC,XXXX-XXXX-9704,8797306250,Maharashtra,Nagpur,Katol,Katol_Village_20,435216,793/28,7.71,Rain-fed,Medium Black,River Lift,Custard Apple,Guava,Orange,No,DCCB Nashik,No,No,2025-08-23,Active,793/28,Verified,33667292043,Bhogtavadar Varg-1,0.3,14.58,28/02/2025,KID6386151999,21.145936,79.003955,156.7,Local Variety,2024-10-15,Rain-fed,Yes,205579,4111,XXXX6191XX,MAHB1206629,0.667,0.605,9.3,23.4,2024-10-29,59.1,Disbursed
MH-AS-SAT-10000029,pushpa.surve21,Pushpa Surve,Female,2001-03-05,25,ST,XXXX-XXXX-2433,8166845704,Maharashtra,Satara,Karad,Karad_Village_75,437156,181/32,3.09,Semi-irrigated,Red Laterite,Tank,Jowar,Garlic,Fig,No,Bank of Baroda,Yes,No,2023-01-21,Active,181/32,Verified,34178659381,Bhogtavadar Varg-1,0.0,5.9,21/12/2024,KID4611355258,18.015036,73.957213,99.2,Phule Vasudha,2024-06-29,Rain-fed,No,0,0,XXXX5700XX,MAHB1103026,0.75,0.707,5.7,18.5,,,
MH-AS-LAT-10000024,baburao.mahale66,Baburao Mahale,Male,1971-01-14,55,NT,XXXX-XXXX-8676,7712478991,Maharashtra,Latur,Ausa,Ausa_Village_75,427817,397/43,5.53,Semi-irrigated,Alluvial,Borewell,Maize,Sesame,Chana Dal,No,,No,Yes,2025-07-25,Active,397/43,Verified,36201313620,Bhogtavadar Varg-1,0.0,10.3,16/05/2024,KID9545336656,18.231451,76.530009,132.7,Ganga-11,2024-07-06,Rain-fed,Yes,135851,2717,XXXX3187XX,MAHB6360927,0.679,0.635,6.5,28.8,,,
MH-AS-JAL-10000020,tukaram.salve65,Tukaram Salve,Male,1956-09-26,69,OBC,XXXX-XXXX-9573,7068951435,Maharashtra,Jalgaon,Erandol,Erandol_Village_97,433522,427/31,0.33,Irrigated,Alluvial,Canal,Chilli,Papaya,Jowar,No,Maharashtra Gramin Bank,No,Yes,2025-08-17,Active,427/31,Verified,33836517266,Bhogtavadar Varg-1,0.0,0.55,15/01/2024,KID6597723256,21.093787,75.587068,32.4,LCA-334,2024-07-13,Irrigated,Yes,7948,158,XXXX1027XX,MAHB4392294,0.806,0.771,4.3,26.2,2025-02-10,28.5,Pending Review
MH-AS-NAG-10000030,rajesh.mahale61,Rajesh Mahale,Male,1977-11-07,48,SC,XXXX-XXXX-7668,8462446182,Maharashtra,Nagpur,Nagpur Rural,Nagpur Rural_Village_6,434732,99/22,8.47,Canal-irrigated,Alluvial,Tank,Chana Dal,Guava,,Yes,Union Bank,No,No,2023-06-15,Active,99/22,Verified,31674555072,Bhogtavadar Varg-1,0.0,15.4,02/04/2024,KID9590411332,21.435038,78.93621,164.2,Local Variety,2024-10-28,Rain-fed,Yes,250152,5003,XXXX7963XX,MAHB8346549,0.638,0.451,29.3,26.5,,,
MH-AS-JAL-10000021,rukhmini.more46,Rukhmini More,Female,1949-06-10,76,OBC,XXXX-XXXX-7613,9574605749,Maharashtra,Jalgaon,Pachora,Pachora_Village_21,428341,505/31,8.69,Irrigated,Sandy Loam,Well,Soybean,Tomato,,No,DCCB Nashik,Yes,Yes,2025-01-24,Pending,505/31,Pending,31322401182,Shasakiya,0.0,17.33,19/05/2024,KID5189740631,21.382567,75.776793,166.3,JS-9305,2024-07-02,Irrigated,Yes,210703,4214,XXXX6420XX,MAHB8082203,0.755,0.478,36.7,10.3,,,
MH-AS-AUR-10000030,mohan.gaikwad60,Mohan Gaikwad,Male,1974-08-18,51,SBC,XXXX-XXXX-1996,7948709031,Maharashtra,Aurangabad,Vaijapur,Vaijapur_Village_53,403657,833/34,2.77,Irrigated,Black Cotton Soil,Borewell,Sugarcane,Sweet Lime,,Yes,,No,No,2024-05-13,Active,833/34,Verified,35306459450,Bhogtavadar Varg-1,0.0,5.47,25/12/2024,KID8311579592,19.722777,75.500673,93.9,Co-86032,2024-06-16,Irrigated,Yes,220823,4416,XXXX4687XX,MAHB4433235,0.729,0.698,4.3,699.9,,,
MH-AS-OSM-10000025,baburao.surve53,Baburao Surve,Male,1948-12-17,77,SBC,XXXX-XXXX-4234,8934586262,Maharashtra,Osmanabad,Lohara,Lohara_Village_85,431211,562/24,5.94,Canal-irrigated,Medium Black,Drip,Moong Dal,Sesame,Tur Dal,Yes,State Bank of India,No,No,2025-02-05,Active,562/24,Verified,37845366946,Inam,0.36,9.61,25/01/2025,KID1995531019,18.584016,76.38501,137.5,Local Variety,2024-11-05,Rain-fed,Yes,163219,3264,XXXX1996XX,MAHB5030539,0.682,0.506,25.8,25.9,,,
MH-AS-AMR-10000026,yamuna.chavan85,Yamuna Chavan,Female,1987-08-31,38,ST,XXXX-XXXX-4948,7014329541,Maharashtra,Amravati,Chandur Bazar,Chandur Bazar_Village_51,404472,328/15,11.02,Irrigated,Sandy Loam,River Lift,Linseed,Tur Dal,,No,,Yes,Yes,2024-10-17,Active,328/15,Verified,32250949136,Shasakiya,0.46,18.36,07/06/2024,KID1076397371,21.07767,77.490548,187.3,Local Variety,2024-10-21,Irrigated,Yes,267932,5358,XXXX5442XX,MAHB6565757,0.574,0.448,22.0,24.3,,,
MH-AS-KOL-10000019,sanjay.patil65,Sanjay Patil,Male,1954-05-29,72,SC,XXXX-XXXX-9786,9991905985,Maharashtra,Kolhapur,Karvir,Karvir_Village_37,433039,254/8,1.81,Irrigated,Medium Black,Borewell,Brinjal,Arecanut,,No,,No,Yes,2023-01-17,Active,254/8,Verified,36289150149,Bhogtavadar Varg-1,0.0,2.99,22/06/2024,KID6250114365,16.511965,74.146527,75.9,Local Variety,2024-11-13,Irrigated,No,0,0,XXXX6153XX,MAHB8117345,0.716,0.551,23.0,23.9,2025-03-29,11.6,Approved
MH-AS-AHM-10000023,vitthal.jadhav83,Vitthal Jadhav,Male,1951-04-21,75,ST,XXXX-XXXX-7650,9853289012,Maharashtra,Ahmednagar,Rahuri,Rahuri_Village_2,442867,162/2,0.52,Irrigated,Red Laterite,Tank,Sugarcane,Onion,,Yes,,No,Yes,2022-04-09,Active,162/2,Verified,38331319481,Bhogtavadar Varg-1,0.0,0.98,28/06/2024,KID6393645839,19.203139,74.761605,40.7,Co-86032,2024-06-17,Irrigated,No,0,0,XXXX4250XX,MAHB6757000,0.627,0.603,3.8,700.9,,,
MH-AS-SOL-10000021,sadashiv.kadam78,Sadashiv Kadam,Male,1973-01-11,53,NT,XXXX-XXXX-1792,9876926207,Maharashtra,Solapur,North Solapur,North Solapur_Village_8,441251,75/45,6.27,Rain-fed,Medium Black,River Lift,Watermelon,Moong Dal,,Yes,,No,No,2024-08-09,Active,75/45,Verified,32950049698,Bhogtavadar Varg-1,0.0,12.08,04/01/2024,KID6984683352,17.601277,75.753847,141.3,Local Variety,2024-10-29,Rain-fed,Yes,164657,3293,XXXX1305XX,MAHB2538240,0.768,0.679,11.6,24.7,,,
MH-AS-SOL-10000022,kondiba.kadam86,Kondiba Kadam,Male,1952-12-24,73,OBC,XXXX-XXXX-3842,9278717227,Maharashtra,Solapur,Mangalvedhe,Mangalvedhe_Village_28,410328,538/47,5.62,Canal-irrigated,Sandy Loam,River Lift,Soybean,Groundnut,Sunflower,No,,Yes,Yes,2024-03-07,Active,538/47,Verified,33952295757,Bhogtavadar Varg-1,0.1,9.47,02/04/2024,KID2722701403,17.40651,76.103273,133.7,JS-9305,2024-07-03,Rain-fed,Yes,145317,2906,XXXX5831XX,MAHB9891782,0.577,0.505,12.5,12.0,,,
MH-AS-NAN-10000027,mohan.bhosale61,Mohan Bhosale,Male,1976-07-10,49,SBC,XXXX-XXXX-7143,7013792615,Maharashtra,Nanded,Hadgaon,Hadgaon_Village_15,406317,157/3,10.32,Canal-irrigated,Red Laterite,Canal,Sesame,Chilli,Moong Dal,No,,No,No,2025-12-09,Active,157/3,Verified,39263135031,Bhogtavadar Varg-1,0.0,18.6,21/03/2025,KID9092677514,18.947941,77.001845,181.2,Local Variety,2024-07-12,Rain-fed,Yes,267933,5358,XXXX3907XX,MAHB2239032,0.669,0.612,8.5,26.8,2025-03-30,31.5,Pending Review
MH-AS-SAT-10000030,lalita.gaikwad77,Lalita Gaikwad,Female,1989-09-09,36,ST,XXXX-XXXX-8810,8091226156,Maharashtra,Satara,Satara,Satara_Village_30,408351,271/23,10.09,Semi-irrigated,Medium Black,River Lift,Peas,Garlic,,Yes,Union Bank,Yes,No,2025-01-23,Active,271/23,Verified,35010075517,Bhogtavadar Varg-2,0.0,19.54,14/03/2024,KID1712606223,17.482348,73.702864,179.2,Local Variety,2024-11-04,Rain-fed,Yes,265406,5308,XXXX9631XX,MAHB2837598,0.671,0.547,18.5,24.8,,,
MH-AS-DHU-10000022,anita.nirmal78,Anita Nirmal,Female,1969-04-16,57,OBC,XXXX-XXXX-9614,9337073506,Maharashtra,Dhule,Sindkheda,Sindkheda_Village_43,431996,106/16,11.46,Irrigated,Alluvial,Drip,Onion,Tur Dal,,Yes,DCCB Pune,No,Yes,2022-05-07,Active,106/16,Verified,32825957977,Bhogtavadar Varg-1,0.13,21.7,16/10/2024,KID7286367689,21.144154,74.576813,191.0,Bhima Raj,2024-06-28,Irrigated,Yes,520011,10400,XXXX9121XX,MAHB8180577,0.725,0.569,21.5,201.2,,,
MH-AS-JAL-10000022,sunita.pawar86,Sunita Pawar,Female,1971-11-15,54,SBC,XXXX-XXXX-8894,9544851484,Maharashtra,Jalgaon,Amalner,Amalner_Village_41,400550,575/13,11.36,Canal-irrigated,Sandy Loam,Borewell,Watermelon,Tomato,Chilli,Yes,,No,Yes,2025-05-22,Pending,575/13,Pending,33338877621,Bhogtavadar Varg-1,0.44,20.64,02/12/2024,KID8900005372,20.722966,75.384599,190.2,Local Variety,2024-10-30,Rain-fed,No,0,0,XXXX7051XX,MAHB3616802,0.561,0.238,57.6,24.8,,,
MH-AS-DHU-10000023,ganesh.dhere45,Ganesh Dhere,Male,1995-06-22,30,General,XXXX-XXXX-6525,8494467264,Maharashtra,Dhule,Shirpur,Shirpur_Village_5,434300,609/28,8.51,Rain-fed,Alluvial,Rain-fed,Niger Seed,Tur Dal,Maize,No,,No,No,2023-08-21,Active,609/28,Verified,33781569954,Bhogtavadar Varg-2,0.0,15.63,24/07/2024,KID8000105473,21.245702,74.864868,164.6,Local Variety,2024-10-15,Rain-fed,Yes,211659,4233,XXXX3885XX,MAHB7338232,0.722,0.592,18.0,25.0,,,
MH-AS-SAN-10000032,popat.thorat41,Popat Thorat,Male,2000-03-12,26,SBC,XXXX-XXXX-9163,9628273775,Maharashtra,Sangli,Miraj,Miraj_Village_96,442220,367/35,9.79,Well-irrigated,Red Laterite,Well,Turmeric,Jowar,,No,,Yes,Yes,2025-02-21,Active,367/35,Verified,39196564761,Bhogtavadar Varg-1,0.0,17.65,05/02/2024,KID6056653016,17.107877,74.911484,176.5,Salem,2024-06-21,Rain-fed,Yes,515715,10314,XXXX2940XX,MAHB5540635,0.562,0.484,13.9,24.1,,,
MH-AS-SAN-10000033,rukhmini.desai37,Rukhmini Desai,Female,1953-07-18,72,SC,XXXX-XXXX-3843,9312596729,Maharashtra,Sangli,Walwa,Walwa_Village_80,425508,926/10,2.8,Semi-irrigated,Black Cotton Soil,Borewell,Grapes,Fig,Wheat,No,DCCB Nashik,Yes,Yes,2023-04-14,Active,926/10,Verified,34550353803,Bhogtavadar Varg-2,0.19,4.81,13/03/2024,KID3434344331,17.158841,74.785943,94.4,Thompson Seedless,2024-10-22,Rain-fed,Yes,372046,7440,XXXX9167XX,MAHB5509404,0.621,0.482,22.4,26.3,,,
MH-AS-KOL-10000020,geeta.mane60,Geeta Mane,Female,1991-09-19,34,General,XXXX-XXXX-6783,7915387592,Maharashtra,Kolhapur,Radhanagari,Radhanagari_Village_4,433924,300/25,11.79,Canal-irrigated,Sandy Loam,Canal,Arecanut,Paddy,Chilli,Yes,Union Bank,Yes,No,2024-07-19,Active,300/25,Verified,31306702926,Bhogtavadar Varg-1,0.3,21.53,14/01/2025,KID9797181679,16.624762,74.29158,193.7,Local Variety,2024-10-17,Rain-fed,Yes,298022,5960,XXXX3995XX,MAHB2812078,0.695,0.532,23.5,26.8,,,
MH-AS-JAL-10000023,usha.surve93,Usha Surve,Female,1965-05-02,61,SC,XXXX-XXXX-6125,9175559957,Maharashtra,Jalgaon,Erandol,Erandol_Village_48,405177,350/3,7.98,Irrigated,Red Laterite,Rain-fed,Maize,Soybean,,No,,No,No,2024-12-20,Active,350/3,Verified,36534540349,Bhogtavadar Varg-1,0.09,14.97,20/11/2024,KID9405640274,20.875105,75.395208,159.4,Ganga-11,2024-06-22,Irrigated,Yes,184626,3692,XXXX3981XX,MAHB2717001,0.802,0.752,6.2,30.3,2025-03-30,68.3,Disbursed
MH-AS-AMR-10000027,suresh.more71,Suresh More,Male,1964-10-10,61,ST,XXXX-XXXX-8416,7984172986,Maharashtra,Amravati,Warud,Warud_Village_57,406473,840/48,3.83,Canal-irrigated,Red Laterite,Borewell,Castor,Maize,,No,DCCB Pune,No,No,2024-08-29,Active,840/48,Verified,35829062179,Bhogtavadar Varg-2,0.0,7.47,16/01/2024,KID8248380551,20.952602,77.489073,110.4,Local Variety,2024-11-01,Rain-fed,Yes,93301,1866,XXXX2864XX,MAHB6685521,0.755,0.57,24.5,24.2,,,
MH-AS-AHM-10000024,sunita.gavit19,Sunita Gavit,Female,1949-05-06,77,SBC,XXXX-XXXX-9826,9392705107,Maharashtra,Ahmednagar,Rahuri,Rahuri_Village_97,405686,738/27,5.01,Well-irrigated,Red Laterite,Canal,Tur Dal,Wheat,Bajra,Yes,Maharashtra Gramin Bank,No,Yes,2024-03-21,Active,738/27,Verified,38252816758,Bhogtavadar Varg-1,0.49,9.29,16/02/2024,KID9527127004,19.381941,74.755275,126.3,Local Variety,2024-11-04,Rain-fed,Yes,134798,2695,XXXX7333XX,MAHB2479648,0.714,0.604,15.4,25.6,,,
MH-AS-DHU-10000024,meena.dhere15,Meena Dhere,Female,2002-06-19,23,SBC,XXXX-XXXX-8931,8655629653,Maharashtra,Dhule,Dhule,Dhule_Village_4,438907,82/7,2.28,Rain-fed,Black Cotton Soil,Borewell,Soybean,Wheat,,Yes,Bank of Maharashtra,No,Yes,2022-12-10,Inactive,82/7,Unverified,38300300577,Shasakiya,0.14,4.34,17/01/2025,KID8615614547,21.220837,74.46492,85.2,JS-9305,2024-06-27,Rain-fed,No,0,0,XXXX7596XX,MAHB4137495,0.761,0.372,51.1,10.7,,,
MH-AS-JAL-10000024,anita.more54,Anita More,Female,1950-11-25,75,SBC,XXXX-XXXX-1296,9863357677,Maharashtra,Jalgaon,Pachora,Pachora_Village_59,431856,313/36,9.39,Semi-irrigated,Medium Black,Drip,Moong Dal,Tomato,,No,Bank of Maharashtra,Yes,No,2023-04-22,Active,313/36,Verified,39343730920,Bhogtavadar Varg-2,0.0,15.63,28/09/2024,KID7579761439,20.736324,75.522923,172.9,Local Variety,2024-10-20,Rain-fed,Yes,274773,5495,XXXX2411XX,MAHB5713546,0.568,0.433,23.8,24.3,2025-01-02,54.2,Disbursed
MH-AS-SOL-10000023,rukhmini.shinde18,Rukhmini Shinde,Female,1980-03-03,46,SC,XXXX-XXXX-2190,9038221888,Maharashtra,Solapur,Mangalvedhe,Mangalvedhe_Village_34,416742,150/1,10.4,Rain-fed,Red Laterite,Well,Watermelon,Wheat,Moong Dal,No,State Bank of India,Yes,Yes,2024-05-21,Active,150/1,Verified,37415801613,Bhogtavadar Varg-2,0.17,18.56,20/04/2024,KID1276507455,17.788585,76.028011,181.9,Local Variety,2024-10-19,Rain-fed,No,0,0,XXXX3982XX,MAHB3719343,0.616,0.455,26.1,24.6,,,
MH-AS-SAN-10000034,dnyanoba.pawar61,Dnyanoba Pawar,Male,1964-06-03,61,NT,XXXX-XXXX-6867,7817848231,Maharashtra,Sangli,Walwa,Walwa_Village_31,435203,156/43,3.87,Semi-irrigated,Medium Black,Tank,Sweet Lime,Jowar,,No,Canara Bank,No,No,2025-04-12,Active,156/43,Verified,39935429720,Bhogtavadar Varg-1,0.0,6.21,11/07/2024,KID9540455378,17.178056,74.84124,111.0,Local Variety,2024-11-04,Rain-fed,No,0,0,XXXX2432XX,MAHB7853763,0.771,0.684,11.3,24.5,,,
MH-AS-DHU-10000025,rukhmini.lokhande56,Rukhmini Lokhande,Female,1979-06-30,46,General,XXXX-XXXX-3203,7770802598,Maharashtra,Dhule,Shirpur,Shirpur_Village_67,414195,140/50,1.41,Semi-irrigated,Red Laterite,Tank,Jowar,Chilli,,No,DCCB Nashik,Yes,No,2025-03-07,Active,140/50,Verified,32075321966,Bhogtavadar Varg-1,0.07,2.4,02/08/2024,KID5096783802,21.065526,74.800458,67.0,Phule Vasudha,2024-06-22,Rain-fed,Yes,25051,501,XXXX9102XX,MAHB7719419,0.732,0.687,6.1,19.8,,,
MH-AS-AHM-10000025,rekha.kadam98,Rekha Kadam,Female,1948-03-28,78,OBC,XXXX-XXXX-8215,8634111987,Maharashtra,Ahmednagar,Shrirampur,Shrirampur_Village_34,437497,222/5,4.35,Irrigated,Black Cotton Soil,Rain-fed,Coriander,Maize,Jowar,Yes,DCCB Pune,No,Yes,2023-12-19,Active,222/5,Verified,31392245997,Bhogtavadar Varg-2,0.49,8.22,20/08/2024,KID2465132763,19.086559,74.790593,117.7,Local Variety,2024-10-25,Irrigated,Yes,106349,2126,XXXX2260XX,MAHB9328979,0.652,0.526,19.3,26.4,,,
MH-AS-SOL-10000024,kavita.surve35,Kavita Surve,Female,1963-01-07,63,SBC,XXXX-XXXX-9834,9296495955,Maharashtra,Solapur,Pandharpur,Pandharpur_Village_66,411602,897/38,6.08,Well-irrigated,Red Laterite,Rain-fed,Urad Dal,Groundnut,,Yes,Maharashtra Gramin Bank,Yes,Yes,2025-09-24,Active,897/38,Verified,35083595988,Bhogtavadar Varg-2,0.23,12.14,23/06/2024,KID1792632741,17.936565,75.738856,139.1,Local Variety,2024-10-27,Rain-fed,Yes,160307,3206,XXXX3429XX,MAHB3580680,0.719,0.606,15.7,24.6,,,
MH-AS-KOL-10000021,saraswati.nirmal16,Saraswati Nirmal,Female,1988-10-30,37,SBC,XXXX-XXXX-9198,9073012531,Maharashtra,Kolhapur,Kagal,Kagal_Village_3,439839,535/44,8.33,Semi-irrigated,Sandy Loam,Canal,Banana,Sugarcane,,Yes,Bank of Maharashtra,No,No,2022-08-26,Active,535/44,Verified,34248149900,Inam,0.0,13.66,21/03/2024,KID4112800399,17.012173,74.142485,162.8,Grand Naine,2024-11-04,Rain-fed,No,0,0,XXXX8646XX,MAHB7858243,0.567,0.529,6.7,26.8,,,
MH-AS-SAN-10000035,radha.thorat93,Radha Thorat,Female,2001-02-21,25,SBC,XXXX-XXXX-5715,8394164206,Maharashtra,Sangli,Khanapur,Khanapur_Village_6,441512,811/44,10.92,Well-irrigated,Red Laterite,River Lift,Jowar,Banana,Safflower,No,Bank of Baroda,Yes,No,2024-08-10,Active,811/44,Verified,38093179263,Bhogtavadar Varg-1,0.0,19.23,08/07/2024,KID9959976260,16.691394,74.851325,186.4,Phule Vasudha,2024-07-11,Rain-fed,Yes,193734,3874,XXXX9532XX,MAHB2952820,0.628,0.483,23.1,17.7,,,
MH-AS-AMR-10000028,rajesh.kulkarni34,Rajesh Kulkarni,Male,1996-03-24,30,ST,XXXX-XXXX-4467,9191075246,Maharashtra,Amravati,Amravati,Amravati_Village_26,440283,362/16,1.15,Semi-irrigated,Black Cotton Soil,Well,Sunflower,Chana Dal,Wheat,Yes,,No,Yes,2023-03-16,Inactive,362/16,Unverified,39229469952,Bhogtavadar Varg-1,0.0,2.21,08/06/2024,KID7316707436,21.080524,77.944451,60.5,Local Variety,2024-11-13,Rain-fed,Yes,31560,631,XXXX5317XX,MAHB4341825,0.74,0.278,62.4,25.1,,,
MH-AS-NAN-10000028,suresh.patil55,Suresh Patil,Male,1974-10-18,51,NT,XXXX-XXXX-4224,9949892649,Maharashtra,Nanded,Bhokar,Bhokar_Village_51,434922,215/24,3.54,Well-irrigated,Black Cotton Soil,Borewell,Tomato,Groundnut,Onion,No,,No,No,2024-03-27,Inactive,215/24,Unverified,37808938880,Bhogtavadar Varg-2,0.0,5.95,04/01/2025,KID9486519510,19.408693,77.266504,106.2,Abhinav,2024-11-07,Rain-fed,No,0,0,XXXX9628XX,MAHB9664535,0.65,0.323,50.3,249.5,,,
MH-AS-JAL-10000025,kavita.lokhande62,Kavita Lokhande,Female,1986-11-08,39,NT,XXXX-XXXX-2658,8231660485,Maharashtra,Jalgaon,Erandol,Erandol_Village_34,441592,103/49,11.06,Irrigated,Red Laterite,Rain-fed,Custard Apple,Chana Dal,Wheat,No,State Bank of India,Yes,No,2024-11-24,Active,103/49,Verified,35686850445,Bhogtavadar Varg-1,0.0,20.15,15/06/2024,KID7174905312,21.014821,75.589824,187.6,Local Variety,2024-11-05,Irrigated,Yes,286859,5737,XXXX5631XX,MAHB9698512,0.69,0.618,10.4,26.7,2025-02-09,25.8,Approved
MH-AS-NAN-10000029,lata.kulkarni31,Lata Kulkarni,Female,1950-10-03,75,NT,XXXX-XXXX-8082,9728732476,Maharashtra,Nanded,Deglur,Deglur_Village_55,421530,418/43,2.76,Canal-irrigated,Black Cotton Soil,Borewell,Maize,Moong Dal,,Yes,,No,Yes,2023-01-29,Active,418/43,Verified,36789448659,Shasakiya,0.42,5.23,01/02/2025,KID3171733981,19.094088,77.075444,93.7,Ganga-11,2024-06-26,Rain-fed,No,0,0,XXXX9481XX,MAHB9727618,0.706,0.545,22.8,31.4,,,
MH-AS-SAN-10000036,kavita.thorat69,Kavita Thorat,Female,1960-12-20,65,SBC,XXXX-XXXX-9989,9488166998,Maharashtra,Sangli,Walwa,Walwa_Village_99,409946,613/2,6.63,Canal-irrigated,Sandy Loam,Borewell,Jowar,Banana,,Yes,,Yes,No,2022-08-18,Active,613/2,Verified,36726515966,Shasakiya,0.22,12.24,17/10/2024,KID5106376641,16.558321,74.419817,145.3,Phule Vasudha,2024-07-07,Rain-fed,Yes,136871,2737,XXXX9717XX,MAHB9290998,0.74,0.602,18.6,16.2,,,
MH-AS-AMR-10000029,ratan.kale38,Ratan Kale,Male,1992-11-20,33,OBC,XXXX-XXXX-2716,7518092433,Maharashtra,Amravati,Achalpur,Achalpur_Village_42,437514,632/39,3.5,Well-irrigated,Black Cotton Soil,River Lift,Sunflower,Castor,Orange,No,,Yes,Yes,2024-09-21,Active,632/39,Verified,33878201524,Bhogtavadar Varg-1,0.0,5.86,01/11/2024,KID7161371951,21.325752,77.400458,105.6,Local Variety,2024-10-17,Rain-fed,Yes,88748,1774,XXXX7844XX,MAHB4976617,0.565,0.393,30.4,24.7,,,
MH-AS-AUR-10000031,yamuna.chavan68,Yamuna Chavan,Female,1950-08-19,75,NT,XXXX-XXXX-4116,8834870024,Maharashtra,Aurangabad,Vaijapur,Vaijapur_Village_76,436275,741/34,5.58,Well-irrigated,Alluvial,Borewell,Mango,Tur Dal,Pomegranate,Yes,Bank of Maharashtra,Yes,No,2024-07-22,Active,741/34,Verified,34683935600,Bhogtavadar Varg-2,0.31,9.72,13/02/2024,KID5126642026,20.005088,75.384109,133.3,Local Variety,2024-11-02,Rain-fed,Yes,145836,2916,XXXX8124XX,MAHB5851723,0.705,0.589,16.5,26.8,,,
MH-AS-SAN-10000037,vandana.mane19,Vandana Mane,Female,1972-06-20,53,General,XXXX-XXXX-7681,9531141194,Maharashtra,Sangli,Tasgaon,Tasgaon_Village_44,427532,580/49,10.79,Canal-irrigated,Black Cotton Soil,Canal,Jowar,Maize,,Yes,,Yes,Yes,2023-03-09,Active,580/49,Verified,36711463258,Bhogtavadar Varg-2,0.36,20.65,28/03/2025,KID5910784219,16.550858,74.664246,185.3,Phule Vasudha,2024-07-09,Rain-fed,Yes,214182,4283,XXXX6969XX,MAHB1312734,0.794,0.644,18.9,19.6,,,
MH-AS-KOL-10000022,rukhmini.patil82,Rukhmini Patil,Female,1959-01-24,67,NT,XXXX-XXXX-5285,7759091568,Maharashtra,Kolhapur,Radhanagari,Radhanagari_Village_26,412489,21/25,1.94,Irrigated,Black Cotton Soil,Rain-fed,Soybean,Wheat,,Yes,,No,No,2023-10-16,Inactive,21/25,Unverified,38274273035,Bhogtavadar Varg-1,0.09,3.53,27/01/2024,KID7737558184,16.469097,74.358692,78.6,JS-9305,2024-07-03,Irrigated,Yes,49796,995,XXXX7970XX,MAHB8742166,0.55,0.222,59.6,11.3,,,
MH-AS-DHU-10000026,rajesh.bhosale55,Rajesh Bhosale,Male,1963-07-06,62,SC,XXXX-XXXX-7053,8378936873,Maharashtra,Dhule,Shirpur,Shirpur_Village_55,432880,185/41,9.06,Well-irrigated,Medium Black,Well,Watermelon,Tomato,,No,,Yes,Yes,2024-01-08,Active,185/41,Verified,39354542654,Shasakiya,0.09,14.51,20/03/2024,KID7201872978,21.097348,75.126612,169.8,Local Variety,2024-11-04,Rain-fed,Yes,249365,4987,XXXX4278XX,MAHB8851981,0.555,0.416,25.0,24.7,,,
MH-AS-KOL-10000023,suresh.wagh86,Suresh Wagh,Male,1961-08-02,64,OBC,XXXX-XXXX-1035,7351173449,Maharashtra,Kolhapur,Kagal,Kagal_Village_36,416415,180/1,9.04,Irrigated,Red Laterite,Borewell,Cardamom,Wheat,,No,Canara Bank,No,No,2025-07-27,Active,180/1,Verified,33362646960,Bhogtavadar Varg-1,0.03,17.22,21/03/2024,KID6082184531,16.792511,74.547754,169.6,Local Variety,2024-10-30,Irrigated,Yes,244930,4898,XXXX2667XX,MAHB8385697,0.818,0.785,4.0,25.3,,,
MH-AS-OSM-10000026,yamuna.surve28,Yamuna Surve,Female,1981-09-13,44,General,XXXX-XXXX-8404,8781032032,Maharashtra,Osmanabad,Omerga,Omerga_Village_12,411059,338/43,0.33,Canal-irrigated,Red Laterite,River Lift,Tur Dal,Tomato,,Yes,,No,Yes,2025-02-03,Active,338/43,Verified,32953462417,Bhogtavadar Varg-2,0.0,0.53,21/01/2025,KID7853854316,17.903395,76.332151,32.4,Local Variety,2024-10-16,Rain-fed,No,0,0,XXXX3391XX,MAHB1857834,0.653,0.545,16.5,25.9,2024-12-20,21.5,Approved
MH-AS-OSM-10000027,rekha.desai14,Rekha Desai,Female,1959-04-23,67,ST,XXXX-XXXX-3599,8666858430,Maharashtra,Osmanabad,Lohara,Lohara_Village_10,431761,674/14,11.99,Semi-irrigated,Alluvial,Borewell,Safflower,Pomegranate,Urad Dal,No,Maharashtra Gramin Bank,No,No,2025-08-19,Inactive,674/14,Unverified,36645808194,Bhogtavadar Varg-1,0.0,22.76,12/11/2024,KID7596004709,17.915149,75.857809,195.4,Local Variety,2024-11-08,Rain-fed,Yes,338868,6777,XXXX8556XX,MAHB4491573,0.695,0.164,76.4,24.4,,,
MH-AS-LAT-10000025,rekha.patil16,Rekha Patil,Female,1987-12-26,38,ST,XXXX-XXXX-8101,9027409020,Maharashtra,Latur,Chakur,Chakur_Village_51,431744,3/13,0.39,Well-irrigated,Medium Black,Well,Jowar,Onion,Bajra,No,DCCB Nashik,Yes,No,2023-02-26,Inactive,3/13,Unverified,32388450337,Shasakiya,0.0,0.66,26/01/2024,KID7934871401,18.655186,76.653263,35.2,Phule Vasudha,2024-06-21,Rain-fed,No,0,0,XXXX9684XX,MAHB7148052,0.647,0.314,51.5,19.9,,,
MH-AS-AMR-10000030,vitthal.kadam29,Vitthal Kadam,Male,1995-07-12,30,SBC,XXXX-XXXX-8862,9562126886,Maharashtra,Amravati,Chandur Bazar,Chandur Bazar_Village_19,437804,703/20,0.98,Irrigated,Alluvial,Well,Maize,Urad Dal,Chana Dal,Yes,,Yes,No,2025-08-15,Active,703/20,Verified,35243939720,Bhogtavadar Varg-1,0.0,1.94,11/12/2024,KID4345796061,20.964641,77.992647,55.9,Ganga-11,2024-06-28,Irrigated,Yes,22285,445,XXXX2851XX,MAHB1765049,0.782,0.758,3.1,30.6,2024-11-06,61.0,Disbursed
MH-AS-KOL-10000024,shobha.mahale20,Shobha Mahale,Female,1998-03-02,28,General,XXXX-XXXX-7059,9039726186,Maharashtra,Kolhapur,Radhanagari,Radhanagari_Village_16,441176,472/41,11.03,Canal-irrigated,Red Laterite,Drip,Paddy,Colocasia,Groundnut,No,Bank of Baroda,Yes,No,2024-04-17,Active,472/41,Verified,37625389037,Bhogtavadar Varg-1,0.0,19.27,11/02/2024,KID3078312996,16.5233,74.584684,187.4,Jyoti,2024-07-02,Rain-fed,No,0,0,XXXX4591XX,MAHB7421163,0.675,0.612,9.3,38.7,,,
MH-AS-PUN-10000029,vimal.more60,Vimal More,Female,1979-07-10,46,General,XXXX-XXXX-7780,7718435750,Maharashtra,Pune,Baramati,Baramati_Village_82,401604,858/6,2.89,Rain-fed,Alluvial,Canal,Capsicum,Cauliflower,Cabbage,Yes,,No,No,2023-02-19,Pending,858/6,Pending,32774884818,Shasakiya,0.3,5.0,19/05/2024,KID2952140932,18.338841,73.648536,95.9,Local Variety,2024-10-27,Rain-fed,Yes,86160,1723,XXXX9369XX,MAHB3928016,0.639,0.326,49.0,25.1,,,
MH-AS-DHU-10000027,sanjay.lokhande54,Sanjay Lokhande,Male,1950-06-27,75,General,XXXX-XXXX-3833,9840250658,Maharashtra,Dhule,Shirpur,Shirpur_Village_35,407645,344/31,4.78,Rain-fed,Sandy Loam,Drip,Chilli,Tomato,,No,,No,Yes,2024-11-15,Active,344/31,Verified,38543865915,Bhogtavadar Varg-1,0.0,7.93,14/08/2024,KID5815967224,20.806118,74.970829,123.3,LCA-334,2024-07-13,Rain-fed,No,0,0,XXXX4835XX,MAHB8432050,0.76,0.641,15.7,23.9,,,
MH-AS-SOL-10000025,baburao.desai38,Baburao Desai,Male,1984-04-04,42,NT,XXXX-XXXX-5804,8654217261,Maharashtra,Solapur,Barshi,Barshi_Village_1,426093,730/7,4.16,Semi-irrigated,Alluvial,Well,Soybean,Sugarcane,,No,DCCB Nashik,No,Yes,2023-08-04,Active,730/7,Verified,37981077394,Bhogtavadar Varg-1,0.0,7.16,04/12/2024,KID3103791959,17.616696,76.094434,115.1,JS-9305,2024-07-10,Rain-fed,Yes,103288,2065,XXXX6786XX,MAHB5022924,0.653,0.506,22.5,11.3,,,
MH-AS-OSM-10000028,anita.nirmal40,Anita Nirmal,Female,1970-09-15,55,SBC,XXXX-XXXX-2339,9599899250,Maharashtra,Osmanabad,Paranda,Paranda_Village_94,407675,774/38,1.05,Semi-irrigated,Alluvial,Tank,Onion,Jowar,,No,DCCB Pune,Yes,Yes,2025-12-07,Inactive,774/38,Unverified,34264134512,Inam,0.06,2.05,05/08/2024,KID6931334539,18.49679,76.434433,57.8,Bhima Raj,2024-07-13,Rain-fed,No,0,0,XXXX5882XX,MAHB6578332,0.82,0.554,32.4,201.7,,,
MH-AS-NAG-10000031,yamuna.shinde54,Yamuna Shinde,Female,1951-05-31,75,General,XXXX-XXXX-3388,8661811178,Maharashtra,Nagpur,Hingna,Hingna_Village_60,444029,933/14,5.65,Rain-fed,Medium Black,Drip,Jowar,Bajra,Tomato,Yes,,No,No,2022-08-09,Active,933/14,Verified,36169243284,Inam,0.0,11.29,05/09/2024,KID9846912080,21.435235,79.370916,134.1,Phule Vasudha,2024-07-08,Rain-fed,No,0,0,XXXX8760XX,MAHB9308178,0.662,0.619,6.5,16.4,,,
MH-AS-AUR-10000032,lata.kale85,Lata Kale,Female,1957-10-17,68,General,XXXX-XXXX-4760,7817790675,Maharashtra,Aurangabad,Vaijapur,Vaijapur_Village_50,443123,711/8,11.84,Rain-fed,Medium Black,Borewell,Mango,Sweet Lime,,Yes,DCCB Nashik,No,Yes,2023-11-05,Active,711/8,Verified,33358880404,Bhogtavadar Varg-1,0.0,20.69,06/11/2024,KID1838916597,19.813571,75.165605,194.1,Local Variety,2024-10-19,Rain-fed,No,0,0,XXXX3811XX,MAHB9553901,0.719,0.657,8.6,24.1,2025-01-14,57.5,Approved
MH-AS-AMR-10000031,lata.mane85,Lata Mane,Female,1966-03-01,60,ST,XXXX-XXXX-1773,8756097362,Maharashtra,Amravati,Daryapur,Daryapur_Village_5,406962,823/10,1.64,Well-irrigated,Black Cotton Soil,Tank,Cotton,Orange,Tur Dal,No,,Yes,Yes,2024-01-10,Active,823/10,Verified,39279291478,Bhogtavadar Varg-1,0.0,2.92,14/08/2024,KID4725875055,21.228851,78.134872,72.3,Bt-Hybrid,2024-06-15,Rain-fed,Yes,91241,1824,XXXX5796XX,MAHB5856099,0.633,0.54,14.7,19.2,2025-01-31,38.4,Disbursed
MH-AS-DHU-10000028,anil.shinde95,Anil Shinde,Male,1977-10-30,48,OBC,XXXX-XXXX-4894,8744425293,Maharashtra,Dhule,Dhule,Dhule_Village_16,422267,957/50,11.53,Semi-irrigated,Medium Black,Canal,Cotton,Tur Dal,,Yes,,No,Yes,2025-04-09,Active,957/50,Verified,38293928340,Bhogtavadar Varg-1,0.0,21.78,31/07/2024,KID1485244945,20.729195,75.119747,191.6,Bt-Hybrid,2024-07-13,Rain-fed,Yes,648925,12978,XXXX4818XX,MAHB4434508,0.676,0.522,22.8,20.8,,,
MH-AS-AHM-10000026,lalita.thorat96,Lalita Thorat,Female,1982-10-03,43,General,XXXX-XXXX-6217,8560135277,Maharashtra,Ahmednagar,Sangamner,Sangamner_Village_71,416694,772/23,10.63,Canal-irrigated,Alluvial,Tank,Pomegranate,Soybean,,No,Canara Bank,Yes,Yes,2025-02-14,Active,772/23,Verified,31521521078,Bhogtavadar Varg-1,0.03,20.78,19/05/2024,KID1810911784,19.204376,74.77469,183.9,Bhagwa,2024-10-25,Rain-fed,No,0,0,XXXX9647XX,MAHB3883639,0.686,0.49,28.6,26.9,,,
MH-AS-NAG-10000032,ramesh.yadav49,Ramesh Yadav,Male,1976-05-06,50,General,XXXX-XXXX-6146,8420335116,Maharashtra,Nagpur,Ramtek,Ramtek_Village_14,400975,748/32,4.8,Canal-irrigated,Sandy Loam,Drip,Garlic,Tomato,,No,,No,No,2024-02-28,Pending,748/32,Pending,35975196341,Bhogtavadar Varg-1,0.0,8.82,20/04/2024,KID5100263812,21.133405,79.478566,123.6,Local Variety,2024-11-01,Rain-fed,No,0,0,XXXX8909XX,MAHB3002401,0.658,0.365,44.5,23.7,,,
MH-AS-OSM-10000029,popat.surve98,Popat Surve,Male,1955-10-31,70,General,XXXX-XXXX-5575,7475342024,Maharashtra,Osmanabad,Lohara,Lohara_Village_95,412111,260/16,9.32,Irrigated,Alluvial,River Lift,Bajra,Onion,,No,Bank of Baroda,No,No,2023-04-12,Pending,260/16,Pending,33365835550,Bhogtavadar Varg-2,0.0,16.37,21/01/2025,KID2090256514,18.032914,75.700214,172.2,GHB-732,2024-06-25,Irrigated,Yes,149392,2987,XXXX8656XX,MAHB3632953,0.657,0.497,24.4,14.0,,,
MH-AS-KOL-10000025,popat.nirmal16,Popat Nirmal,Male,1991-04-24,35,SBC,XXXX-XXXX-5367,9154936789,Maharashtra,Kolhapur,Hatkanangle,Hatkanangle_Village_94,433714,171/3,7.25,Canal-irrigated,Red Laterite,Canal,Turmeric,Ginger,Pepper,No,Canara Bank,No,No,2025-04-22,Active,171/3,Verified,37666869046,Bhogtavadar Varg-2,0.47,12.8,19/09/2024,KID5191237128,16.788852,74.361373,151.9,Salem,2024-06-21,Rain-fed,Yes,356860,7137,XXXX6222XX,MAHB2753239,0.713,0.53,25.7,26.5,,,
MH-AS-SAT-10000031,geeta.pawar69,Geeta Pawar,Female,1970-06-09,55,SBC,XXXX-XXXX-5590,9147919717,Maharashtra,Satara,Patan,Patan_Village_51,404448,226/37,5.22,Rain-fed,Medium Black,River Lift,Turmeric,Brinjal,Ginger,Yes,DCCB Nashik,Yes,Yes,2022-06-25,Active,226/37,Verified,31400330495,Bhogtavadar Varg-2,0.0,9.8,28/02/2024,KID5115338284,17.710483,74.213847,128.9,Salem,2024-06-23,Rain-fed,Yes,268575,5371,XXXX1580XX,MAHB2813178,0.795,0.697,12.3,26.9,2024-12-20,79.9,Approved
MH-AS-DHU-10000029,sita.jadhav89,Sita Jadhav,Female,1988-08-26,37,OBC,XXXX-XXXX-8135,9248531397,Maharashtra,Dhule,Sakri,Sakri_Village_17,411890,433/38,0.51,Irrigated,Sandy Loam,Well,Jowar,Groundnut,Soybean,No,Bank of Maharashtra,Yes,No,2025-04-23,Active,433/38,Verified,34921003983,Bhogtavadar Varg-2,0.0,0.82,25/06/2024,KID4294231198,20.540806,75.121801,40.3,Phule Vasudha,2024-06-26,Irrigated,Yes,9383,187,XXXX5389XX,MAHB4946873,0.667,0.574,13.9,19.6,,,
MH-AS-LAT-10000026,vandana.dhere87,Vandana Dhere,Female,1951-08-28,74,NT,XXXX-XXXX-4841,9081059599,Maharashtra,Latur,Udgir,Udgir_Village_98,422752,288/41,11.85,Irrigated,Alluvial,Drip,Sesame,Moong Dal,Tomato,Yes,State Bank of India,Yes,No,2024-06-13,Active,288/41,Verified,34574027737,Bhogtavadar Varg-1,0.0,21.9,08/08/2024,KID1167409431,18.455059,76.199664,194.2,Local Variety,2024-06-18,Irrigated,Yes,291304,5826,XXXX5075XX,MAHB1034152,0.618,0.486,21.4,26.4,,,
MH-AS-DHU-10000030,dnyanoba.desai38,Dnyanoba Desai,Male,1972-02-04,54,NT,XXXX-XXXX-2301,8648694559,Maharashtra,Dhule,Dhule,Dhule_Village_5,438918,9/46,10.3,Semi-irrigated,Medium Black,River Lift,Soybean,Linseed,Wheat,No,Maharashtra Gramin Bank,Yes,Yes,2022-06-26,Active,9/46,Verified,38372755146,Bhogtavadar Varg-1,0.0,17.94,26/02/2024,KID1887554936,21.298541,74.400707,181.1,JS-9305,2024-06-22,Rain-fed,No,0,0,XXXX2852XX,MAHB6737040,0.559,0.435,22.2,13.9,,,
MH-AS-KOL-10000026,sita.bhosale30,Sita Bhosale,Female,1998-02-20,28,SC,XXXX-XXXX-5180,8538951907,Maharashtra,Kolhapur,Karvir,Karvir_Village_20,428646,398/49,3.58,Rain-fed,Sandy Loam,Drip,Soybean,Jackfruit,Wheat,No,Maharashtra Gramin Bank,No,No,2025-06-03,Active,398/49,Verified,36469318275,Bhogtavadar Varg-1,0.0,6.87,25/05/2024,KID1027716192,16.937005,74.206999,106.7,JS-9305,2024-06-30,Rain-fed,Yes,87077,1741,XXXX7591XX,MAHB7584389,0.807,0.668,17.2,11.6,,,
MH-AS-AHM-10000027,vandana.kale91,Vandana Kale,Female,1962-07-14,63,NT,XXXX-XXXX-1087,8679044739,Maharashtra,Ahmednagar,Shevgaon,Shevgaon_Village_63,416148,769/50,10.34,Semi-irrigated,Alluvial,Borewell,Jowar,Sugarcane,Tur Dal,No,,Yes,Yes,2024-10-31,Active,769/50,Verified,38880079328,Bhogtavadar Varg-1,0.48,16.93,13/12/2024,KID7276149545,18.958839,74.80484,181.4,Phule Vasudha,2024-06-24,Rain-fed,Yes,194234,3884,XXXX2723XX,MAHB3531526,0.608,0.49,19.4,18.7,,,
MH-AS-SAT-10000032,vilas.patil83,Vilas Patil,Male,2001-06-10,24,SC,XXXX-XXXX-6563,9888779472,Maharashtra,Satara,Satara,Satara_Village_73,420664,950/34,1.58,Canal-irrigated,Sandy Loam,Rain-fed,Brinjal,Onion,Banana,No,,No,Yes,2025-05-17,Active,950/34,Verified,39505085936,Bhogtavadar Varg-1,0.01,2.9,13/12/2024,KID7340525085,17.617185,73.744513,70.9,Local Variety,2024-10-29,Rain-fed,Yes,39515,790,XXXX3631XX,MAHB6269306,0.655,0.625,4.6,26.8,,,
MH-AS-SAT-10000033,ganesh.pawar98,Ganesh Pawar,Male,1958-07-25,67,SC,XXXX-XXXX-3463,8835405332,Maharashtra,Satara,Karad,Karad_Village_80,437673,367/38,7.6,Irrigated,Red Laterite,Rain-fed,Turmeric,Banana,,No,Canara Bank,Yes,No,2025-12-13,Active,367/38,Verified,36341783555,Shasakiya,0.0,13.62,30/10/2024,KID8854065461,17.61943,74.176563,155.5,Salem,2024-06-26,Irrigated,No,0,0,XXXX7337XX,MAHB3041062,0.647,0.528,18.4,24.9,2025-01-28,19.1,Approved
MH-AS-NAN-10000030,baburao.patil73,Baburao Patil,Male,2000-04-07,26,General,XXXX-XXXX-1126,7010353687,Maharashtra,Nanded,Kinwat,Kinwat_Village_72,405418,881/13,1.58,Canal-irrigated,Sandy Loam,Well,Groundnut,Chana Dal,,No,State Bank of India,Yes,Yes,2025-08-05,Pending,881/13,Pending,33367665472,Bhogtavadar Varg-1,0.0,2.93,06/09/2024,KID9161091092,19.487157,77.471858,70.9,TAG-24,2024-07-04,Rain-fed,No,0,0,XXXX2691XX,MAHB2201469,0.64,0.312,51.2,16.3,,,
MH-AS-JAL-10000026,sadashiv.pawar79,Sadashiv Pawar,Male,1987-06-19,38,SBC,XXXX-XXXX-2758,9192192510,Maharashtra,Jalgaon,Erandol,Erandol_Village_67,408536,30/4,10.65,Irrigated,Red Laterite,Rain-fed,Soybean,Jowar,Tomato,No,DCCB Nashik,Yes,Yes,2024-09-16,Inactive,30/4,Unverified,32647489402,Bhogtavadar Varg-1,0.44,17.32,26/09/2024,KID6342458483,21.261347,75.78546,184.1,JS-9305,2024-07-10,Irrigated,Yes,260501,5210,XXXX4379XX,MAHB9589440,0.771,0.456,40.9,12.7,,,
MH-AS-PUN-10000030,naresh.shinde31,Naresh Shinde,Male,1992-01-06,34,General,XXXX-XXXX-4500,8712415383,Maharashtra,Pune,Bhor,Bhor_Village_75,402380,676/24,11.03,Well-irrigated,Sandy Loam,Drip,Chilli,Garlic,,No,Maharashtra Gramin Bank,Yes,Yes,2023-04-15,Active,676/24,Verified,34776677517,Bhogtavadar Varg-1,0.23,20.21,07/12/2024,KID9664629170,18.124063,74.23825,187.4,LCA-334,2024-06-27,Rain-fed,Yes,316046,6320,XXXX8521XX,MAHB3242653,0.598,0.475,20.6,24.0,,,
MH-AS-SAN-10000038,bharat.more88,Bharat More,Male,1978-02-18,48,NT,XXXX-XXXX-2247,8979470395,Maharashtra,Sangli,Sangli,Sangli_Village_89,429289,840/23,3.8,Irrigated,Red Laterite,Rain-fed,Wheat,Tomato,,No,,Yes,No,2023-05-06,Active,840/23,Verified,34710967433,Bhogtavadar Varg-2,0.0,6.93,06/06/2024,KID2940731894,17.10679,74.438943,110.0,HD-2781,2024-11-13,Irrigated,Yes,127191,2543,XXXX7664XX,MAHB5936022,0.641,0.516,19.5,35.8,2024-11-27,58.8,Pending Review
MH-AS-KOL-10000027,mamta.desai93,Mamta Desai,Female,2002-08-12,23,SBC,XXXX-XXXX-4380,8831206838,Maharashtra,Kolhapur,Hatkanangle,Hatkanangle_Village_88,441161,283/37,10.5,Irrigated,Alluvial,Drip,Sugarcane,Colocasia,,Yes,DCCB Pune,Yes,No,2023-09-22,Active,283/37,Verified,37077131430,Bhogtavadar Varg-1,0.0,19.15,24/01/2024,KID5101932301,16.946343,74.07871,182.8,Co-86032,2024-07-10,Irrigated,Yes,749221,14984,XXXX9952XX,MAHB6602513,0.782,0.71,9.2,698.6,,,
MH-AS-OSM-10000030,usha.mane28,Usha Mane,Female,1990-07-21,35,ST,XXXX-XXXX-8162,7356964056,Maharashtra,Osmanabad,Omerga,Omerga_Village_48,432507,899/42,8.59,Rain-fed,Black Cotton Soil,Well,Sunflower,Bajra,,No,,Yes,No,2023-10-02,Active,899/42,Verified,37475684019,Bhogtavadar Varg-1,0.0,15.82,22/04/2024,KID9052368937,17.894163,75.812849,165.4,Local Variety,2024-11-05,Rain-fed,No,0,0,XXXX5233XX,MAHB3434897,0.591,0.554,6.3,23.1,,,
MH-AS-AMR-10000032,rekha.kadam35,Rekha Kadam,Female,1951-05-31,75,General,XXXX-XXXX-1628,8018448844,Maharashtra,Amravati,Achalpur,Achalpur_Village_76,436788,923/37,0.66,Semi-irrigated,Red Laterite,Drip,Moong Dal,Wheat,Cotton,Yes,Bank of Maharashtra,No,Yes,2022-07-14,Active,923/37,Verified,34524233168,Bhogtavadar Varg-1,0.08,1.23,21/07/2024,KID6878925141,20.596776,77.723037,45.8,Local Variety,2024-11-07,Rain-fed,No,0,0,XXXX1585XX,MAHB3279391,0.749,0.554,26.0,25.8,,,
MH-AS-JAL-10000027,vimal.shinde57,Vimal Shinde,Female,1999-11-16,26,ST,XXXX-XXXX-9615,7688584755,Maharashtra,Jalgaon,Erandol,Erandol_Village_27,420583,102/30,7.19,Well-irrigated,Alluvial,River Lift,Groundnut,Jowar,Sugarcane,No,,Yes,No,2024-06-14,Active,102/30,Verified,35933179746,Bhogtavadar Varg-2,0.02,13.82,02/11/2024,KID8200489892,21.137655,75.590007,151.3,TAG-24,2024-06-20,Rain-fed,Yes,180742,3614,XXXX4398XX,MAHB9717315,0.659,0.621,5.8,18.7,,,
MH-AS-SAT-10000034,vandana.salve90,Vandana Salve,Female,1987-07-16,38,OBC,XXXX-XXXX-6970,9489881037,Maharashtra,Satara,Satara,Satara_Village_45,419086,468/21,9.6,Irrigated,Black Cotton Soil,River Lift,Onion,Maize,Turmeric,No,Union Bank,Yes,No,2024-04-10,Active,468/21,Verified,37608153267,Bhogtavadar Varg-1,0.16,16.4,29/01/2024,KID8063396775,17.699284,73.905723,174.8,Bhima Raj,2024-07-14,Irrigated,No,0,0,XXXX8716XX,MAHB5802557,0.571,0.512,10.3,199.1,2025-04-07,28.9,Pending Review
MH-AS-NAN-10000031,pandurang.surve49,Pandurang Surve,Male,1984-06-02,41,General,XXXX-XXXX-2140,9936907362,Maharashtra,Nanded,Nanded,Nanded_Village_66,444324,665/23,1.35,Well-irrigated,Sandy Loam,Borewell,Paddy,Sunflower,,No,,Yes,No,2024-11-30,Inactive,665/23,Unverified,36777263354,Bhogtavadar Varg-2,0.0,2.61,04/01/2024,KID8079528688,19.154974,77.226372,65.6,Jyoti,2024-06-15,Rain-fed,Yes,38462,769,XXXX2509XX,MAHB5572352,0.669,0.392,41.4,40.6,,,
MH-AS-DHU-10000031,shyam.kale57,Shyam Kale,Male,1961-12-05,64,ST,XXXX-XXXX-3178,8030412316,Maharashtra,Dhule,Dhule,Dhule_Village_97,431842,800/46,9.94,Rain-fed,Medium Black,Tank,Niger Seed,Wheat,Maize,Yes,DCCB Nashik,Yes,Yes,2025-02-05,Active,800/46,Verified,37628981661,Bhogtavadar Varg-2,0.11,17.89,14/04/2024,KID5357526915,20.867428,74.662272,177.9,Local Variety,2024-10-17,Rain-fed,No,0,0,XXXX3318XX,MAHB9223841,0.804,0.77,4.2,23.7,2025-03-12,62.8,Pending Review
MH-AS-OSM-10000031,rajesh.surve33,Rajesh Surve,Male,1967-10-19,58,SC,XXXX-XXXX-8437,8220374136,Maharashtra,Osmanabad,Tuljapur,Tuljapur_Village_73,439558,697/9,0.86,Semi-irrigated,Alluvial,Canal,Bajra,Tomato,Wheat,Yes,Canara Bank,No,No,2023-02-20,Pending,697/9,Pending,33995732958,Bhogtavadar Varg-1,0.0,1.4,03/06/2024,KID5418154231,18.54637,76.310462,52.3,GHB-732,2024-07-11,Rain-fed,Yes,16684,333,XXXX3572XX,MAHB2588009,0.618,0.359,41.9,13.7,,,
MH-AS-NAN-10000032,dinesh.kale41,Dinesh Kale,Male,1971-01-03,55,SBC,XXXX-XXXX-9216,7663736237,Maharashtra,Nanded,Hadgaon,Hadgaon_Village_74,400627,824/5,4.46,Semi-irrigated,Black Cotton Soil,Borewell,Banana,Groundnut,,No,,Yes,No,2024-07-15,Active,824/5,Verified,37750819485,Bhogtavadar Varg-1,0.49,7.24,18/04/2024,KID5682291027,18.890069,77.351568,119.1,Grand Naine,2024-11-14,Rain-fed,Yes,359222,7184,XXXX2905XX,MAHB7422968,0.694,0.504,27.4,24.1,,,
MH-AS-DHU-10000032,mohan.kale74,Mohan Kale,Male,1969-11-07,56,General,XXXX-XXXX-1823,8050782088,Maharashtra,Dhule,Sakri,Sakri_Village_82,435396,45/10,8.64,Semi-irrigated,Red Laterite,Rain-fed,Tomato,Bajra,Linseed,Yes,Canara Bank,Yes,Yes,2022-05-26,Active,45/10,Verified,38625905455,Inam,0.0,14.98,27/01/2025,KID5013682751,21.256896,74.842584,165.8,Abhinav,2024-11-02,Rain-fed,Yes,334534,6690,XXXX9553XX,MAHB5246930,0.789,0.765,3.0,251.7,,,
MH-AS-PUN-10000031,savita.desai76,Savita Desai,Female,1993-04-17,33,ST,XXXX-XXXX-8918,9556029320,Maharashtra,Pune,Maval,Maval_Village_75,407662,718/32,3.14,Irrigated,Red Laterite,Drip,Wheat,Cowpea,Sugarcane,No,Bank of Baroda,No,No,2024-05-27,Active,718/32,Verified,35482431018,Bhogtavadar Varg-1,0.0,6.01,11/03/2024,KID9383866464,18.330161,73.970127,100.0,HD-2781,2024-10-31,Irrigated,Yes,100453,2009,XXXX4457XX,MAHB1153953,0.604,0.427,29.3,36.4,,,
MH-AS-DHU-10000033,bharat.gavit14,Bharat Gavit,Male,1992-03-31,34,SBC,XXXX-XXXX-2337,8164017936,Maharashtra,Dhule,Sakri,Sakri_Village_79,406764,292/3,1.71,Semi-irrigated,Medium Black,Drip,Onion,Moong Dal,,No,,No,Yes,2024-02-16,Active,292/3,Verified,38493451569,Bhogtavadar Varg-1,0.0,3.22,26/01/2025,KID9262035557,20.722263,75.03991,73.8,Bhima Raj,2024-06-16,Rain-fed,Yes,75048,1500,XXXX3107XX,MAHB9551319,0.78,0.688,11.8,198.8,,,
MH-AS-PUN-10000032,sanjay.salve94,Sanjay Salve,Male,1986-07-31,39,ST,XXXX-XXXX-8268,7051138366,Maharashtra,Pune,Haveli,Haveli_Village_49,407068,109/37,7.99,Rain-fed,Alluvial,Well,Fig,Cauliflower,,No,,No,Yes,2022-07-06,Active,109/37,Verified,38779941999,Bhogtavadar Varg-2,0.44,15.3,10/05/2024,KID1015173518,18.767848,73.975393,159.5,Local Variety,2024-10-31,Rain-fed,Yes,194495,3889,XXXX5330XX,MAHB3626243,0.795,0.759,4.5,26.2,,,
MH-AS-AHM-10000028,yamuna.gaikwad35,Yamuna Gaikwad,Female,1979-10-10,46,SBC,XXXX-XXXX-3473,7330652366,Maharashtra,Ahmednagar,Rahuri,Rahuri_Village_3,423400,846/34,9.5,Well-irrigated,Alluvial,River Lift,Soybean,Coriander,,No,,No,No,2022-08-16,Inactive,846/34,Unverified,35212581851,Shasakiya,0.1,17.17,28/05/2024,KID6895575988,19.32065,74.47772,173.9,JS-9305,2024-07-14,Rain-fed,Yes,281630,5632,XXXX5960XX,MAHB8513697,0.718,0.466,35.1,12.6,,,
MH-AS-NAN-10000033,geeta.chavan89,Geeta Chavan,Female,1961-09-19,64,SC,XXXX-XXXX-2290,8116207919,Maharashtra,Nanded,Bhokar,Bhokar_Village_73,409173,652/32,8.5,Canal-irrigated,Alluvial,Borewell,Turmeric,Chilli,Groundnut,No,Bank of Maharashtra,No,Yes,2023-10-18,Active,652/32,Verified,31158998032,Inam,0.35,15.1,16/06/2024,KID9255212659,18.926736,77.184132,164.5,Salem,2024-07-14,Rain-fed,Yes,430703,8614,XXXX6354XX,MAHB6040788,0.681,0.56,17.8,24.5,2025-03-31,29.5,Disbursed
MH-AS-KOL-10000028,popat.thorat23,Popat Thorat,Male,1994-12-10,31,SBC,XXXX-XXXX-5922,8580189116,Maharashtra,Kolhapur,Karvir,Karvir_Village_63,401384,266/1,11.31,Irrigated,Alluvial,Drip,Ginger,Sugarcane,Brinjal,No,Maharashtra Gramin Bank,No,Yes,2025-10-22,Active,266/1,Verified,37829772942,Bhogtavadar Varg-2,0.0,18.76,02/03/2024,KID2675516707,16.38154,74.498024,189.7,Local Variety,2024-07-08,Irrigated,No,0,0,XXXX1850XX,MAHB1312761,0.627,0.587,6.4,23.4,,,
MH-AS-KOL-10000029,mahesh.gaikwad77,Mahesh Gaikwad,Male,1959-10-17,66,SBC,XXXX-XXXX-1421,9514046003,Maharashtra,Kolhapur,Radhanagari,Radhanagari_Village_55,431210,876/40,10.92,Semi-irrigated,Sandy Loam,Tank,Cardamom,Turmeric,,Yes,Canara Bank,Yes,No,2024-07-29,Active,876/40,Verified,34735334423,Bhogtavadar Varg-1,0.0,18.91,04/01/2024,KID3312926809,16.802236,73.844365,186.4,Local Variety,2024-10-25,Rain-fed,Yes,315834,6316,XXXX8924XX,MAHB5754453,0.641,0.617,3.7,23.7,2025-01-19,77.9,Approved
MH-AS-AMR-10000033,bharat.gaikwad61,Bharat Gaikwad,Male,1948-06-21,77,SBC,XXXX-XXXX-6122,9561057613,Maharashtra,Amravati,Daryapur,Daryapur_Village_45,430708,999/14,6.37,Canal-irrigated,Black Cotton Soil,Tank,Urad Dal,Soybean,,Yes,DCCB Pune,No,Yes,2022-05-15,Pending,999/14,Pending,32891100776,Bhogtavadar Varg-1,0.0,11.3,11/09/2024,KID9967014732,20.798602,77.863161,142.4,Local Variety,2024-10-31,Rain-fed,Yes,179521,3590,XXXX5379XX,MAHB1146590,0.67,0.46,31.3,27.0,,,
MH-AS-AHM-10000029,tukaram.desai37,Tukaram Desai,Male,1987-04-06,39,SC,XXXX-XXXX-9782,8287296910,Maharashtra,Ahmednagar,Shrirampur,Shrirampur_Village_32,436045,71/21,3.31,Irrigated,Sandy Loam,Tank,Tomato,Wheat,Soybean,Yes,Maharashtra Gramin Bank,Yes,Yes,2022-06-10,Pending,71/21,Pending,32962491159,Bhogtavadar Varg-2,0.0,5.41,17/01/2025,KID3069314309,19.239293,74.915734,102.6,Abhinav,2024-11-10,Irrigated,No,0,0,XXXX6375XX,MAHB9557508,0.679,0.338,50.2,251.1,,,
MH-AS-OSM-10000032,mahesh.bhosale60,Mahesh Bhosale,Male,1997-01-05,29,ST,XXXX-XXXX-9672,9494590826,Maharashtra,Osmanabad,Omerga,Omerga_Village_70,431071,49/22,10.53,Well-irrigated,Black Cotton Soil,Rain-fed,Chilli,Wheat,Tomato,No,Canara Bank,Yes,No,2025-04-04,Inactive,49/22,Unverified,34102872611,Bhogtavadar Varg-1,0.0,17.78,08/08/2024,KID4388763677,18.520941,75.734973,183.1,LCA-334,2024-06-24,Rain-fed,No,0,0,XXXX8450XX,MAHB8847292,0.751,0.419,44.2,25.3,,,
MH-AS-NAG-10000033,mangal.patil84,Mangal Patil,Female,1965-06-09,60,SBC,XXXX-XXXX-6302,7460998968,Maharashtra,Nagpur,Katol,Katol_Village_58,417022,385/46,2.05,Well-irrigated,Red Laterite,Rain-fed,Garlic,Moong Dal,,Yes,DCCB Nashik,No,Yes,2023-09-24,Active,385/46,Verified,31662976399,Bhogtavadar Varg-1,0.44,3.77,30/03/2024,KID3924240785,21.052261,78.851788,80.8,Local Variety,2024-10-29,Rain-fed,Yes,59573,1191,XXXX3535XX,MAHB2791636,0.661,0.582,12.0,26.4,,,
MH-AS-AHM-10000030,sadashiv.gavit62,Sadashiv Gavit,Male,1960-04-12,66,OBC,XXXX-XXXX-8546,7534832455,Maharashtra,Ahmednagar,Sangamner,Sangamner_Village_29,440217,807/23,2.5,Semi-irrigated,Black Cotton Soil,Rain-fed,Coriander,Garlic,Moong Dal,Yes,Bank of Maharashtra,No,Yes,2022-09-26,Active,807/23,Verified,39457665185,Shasakiya,0.0,4.74,07/03/2024,KID5773662875,19.356575,74.378209,89.2,Local Variety,2024-10-16,Rain-fed,Yes,69328,1386,XXXX9151XX,MAHB5707915,0.756,0.659,12.8,23.4,,,
MH-AS-NAS-10000018,mahesh.pawar42,Mahesh Pawar,Male,2001-03-21,25,OBC,XXXX-XXXX-8296,9145927728,Maharashtra,Nashik,Dindori,Dindori_Village_68,406348,25/38,2.33,Well-irrigated,Alluvial,Tank,Maize,Watermelon,,No,,Yes,Yes,2025-04-21,Active,25/38,Verified,38270110908,Bhogtavadar Varg-1,0.0,4.66,13/07/2024,KID2054828204,19.742423,73.778756,86.1,Ganga-11,2024-07-12,Rain-fed,No,0,0,XXXX3441XX,MAHB5978337,0.645,0.546,15.3,29.0,,,
MH-AS-NAN-10000034,kavita.gaikwad35,Kavita Gaikwad,Female,1982-12-27,43,General,XXXX-XXXX-8211,7582502427,Maharashtra,Nanded,Deglur,Deglur_Village_1,441144,563/43,5.46,Canal-irrigated,Medium Black,Canal,Turmeric,Moong Dal,Sugarcane,No,Bank of Maharashtra,Yes,Yes,2023-07-27,Active,563/43,Verified,33791027186,Bhogtavadar Varg-1,0.0,10.77,29/09/2024,KID4598093930,18.770236,77.323159,131.8,Salem,2024-07-10,Rain-fed,Yes,278426,5568,XXXX3942XX,MAHB3454248,0.792,0.592,25.3,26.5,,,
MH-AS-OSM-10000033,naresh.gaikwad26,Naresh Gaikwad,Male,1956-03-31,70,SBC,XXXX-XXXX-7927,9434995255,Maharashtra,Osmanabad,Tuljapur,Tuljapur_Village_92,412297,457/17,2.02,Irrigated,Red Laterite,Tank,Onion,Jowar,Safflower,Yes,Maharashtra Gramin Bank,No,No,2024-10-05,Inactive,457/17,Unverified,38953271391,Bhogtavadar Varg-1,0.0,3.75,26/12/2024,KID7671424049,18.5747,76.38078,80.2,Bhima Raj,2024-07-08,Irrigated,Yes,92750,1855,XXXX5426XX,MAHB8464289,0.631,0.205,67.5,200.8,,,
MH-AS-SAN-10000039,mangal.gavit81,Mangal Gavit,Female,1987-06-15,38,OBC,XXXX-XXXX-5424,7813342842,Maharashtra,Sangli,Walwa,Walwa_Village_58,438994,926/7,1.51,Canal-irrigated,Sandy Loam,Drip,Banana,Chilli,Sugarcane,No,State Bank of India,No,Yes,2023-08-25,Inactive,926/7,Unverified,38556573246,Bhogtavadar Varg-1,0.34,2.67,27/04/2024,KID2703405199,16.604956,74.52813,69.3,Grand Naine,2024-10-16,Rain-fed,Yes,148788,2975,XXXX8104XX,MAHB6739973,0.672,0.276,58.9,24.3,,,
MH-AS-DHU-10000034,sita.lokhande98,Sita Lokhande,Female,1962-10-30,63,ST,XXXX-XXXX-4700,7817250967,Maharashtra,Dhule,Sindkheda,Sindkheda_Village_64,418776,69/23,10.31,Semi-irrigated,Sandy Loam,Canal,Tomato,Linseed,Tur Dal,No,Bank of Baroda,Yes,Yes,2022-06-07,Inactive,69/23,Unverified,39744120054,Bhogtavadar Varg-1,0.12,19.12,13/09/2024,KID6760237237,20.83976,74.491005,181.2,Abhinav,2024-10-30,Rain-fed,Yes,385385,7707,XXXX2432XX,MAHB1354940,0.763,0.346,54.7,251.7,,,
MH-AS-AUR-10000033,popat.kadam11,Popat Kadam,Male,1991-10-13,34,ST,XXXX-XXXX-2851,8943345814,Maharashtra,Aurangabad,Paithan,Paithan_Village_81,440759,253/16,1.32,Semi-irrigated,Sandy Loam,Well,Niger Seed,Chana Dal,Onion,Yes,,No,Yes,2024-09-19,Active,253/16,Verified,31293864877,Bhogtavadar Varg-1,0.0,2.53,13/10/2024,KID6113880208,20.167564,75.492817,64.8,Local Variety,2024-10-20,Rain-fed,No,0,0,XXXX8995XX,MAHB9960790,0.777,0.752,3.2,24.0,,,
MH-AS-SOL-10000026,sita.wagh80,Sita Wagh,Female,1982-11-14,43,OBC,XXXX-XXXX-5881,7242872752,Maharashtra,Solapur,South Solapur,South Solapur_Village_18,439063,244/40,11.09,Semi-irrigated,Red Laterite,Borewell,Bajra,Moong Dal,,Yes,State Bank of India,Yes,Yes,2022-09-25,Active,244/40,Verified,39250327663,Bhogtavadar Varg-1,0.2,18.27,02/03/2025,KID6448469494,18.040416,76.158684,187.9,GHB-732,2024-06-20,Rain-fed,Yes,190830,3816,XXXX9763XX,MAHB1293381,0.562,0.371,34.0,16.9,2025-02-14,81.0,Approved
MH-AS-OSM-10000034,sadashiv.mane19,Sadashiv Mane,Male,1967-03-25,59,General,XXXX-XXXX-6701,7465796932,Maharashtra,Osmanabad,Omerga,Omerga_Village_64,437813,546/42,2.53,Well-irrigated,Alluvial,Well,Sesame,Urad Dal,,Yes,,No,No,2023-07-07,Active,546/42,Verified,35283911723,Bhogtavadar Varg-1,0.0,4.46,08/12/2024,KID1767898237,18.158287,75.889224,89.7,Local Variety,2024-07-12,Rain-fed,Yes,63352,1267,XXXX2758XX,MAHB7447373,0.758,0.659,13.1,25.0,2024-11-26,82.7,Approved
MH-AS-KOL-10000030,rekha.nirmal33,Rekha Nirmal,Female,1976-02-08,50,ST,XXXX-XXXX-5889,9587590299,Maharashtra,Kolhapur,Shirol,Shirol_Village_45,410871,915/8,10.87,Semi-irrigated,Sandy Loam,Borewell,Paddy,Sugarcane,Bhendi (Okra),No,,Yes,Yes,2025-09-03,Active,915/8,Verified,34207337120,Bhogtavadar Varg-2,0.06,21.04,16/02/2025,KID9688286479,16.722063,74.378078,186.0,Jyoti,2024-06-24,Rain-fed,No,0,0,XXXX3460XX,MAHB3858576,0.813,0.683,16.0,39.9,,,
MH-AS-AMR-10000034,usha.gaikwad64,Usha Gaikwad,Female,1985-04-05,41,OBC,XXXX-XXXX-6909,9855814127,Maharashtra,Amravati,Amravati,Amravati_Village_58,444464,287/39,5.15,Irrigated,Alluvial,Rain-fed,Chana Dal,Linseed,,No,Bank of Baroda,Yes,No,2024-05-30,Inactive,287/39,Unverified,34747699292,Bhogtavadar Varg-1,0.0,9.03,30/06/2024,KID1265421606,20.841678,77.564254,128.0,Local Variety,2024-11-13,Irrigated,Yes,135159,2703,XXXX4880XX,MAHB1636262,0.727,0.397,45.4,26.2,,,
MH-AS-SAN-10000040,anita.gavit81,Anita Gavit,Female,1966-01-30,60,ST,XXXX-XXXX-7820,9765829783,Maharashtra,Sangli,Miraj,Miraj_Village_50,412221,78/8,2.53,Semi-irrigated,Red Laterite,Canal,Chilli,Grapes,Sunflower,No,,Yes,No,2022-04-28,Inactive,78/8,Unverified,32905584866,Inam,0.5,4.63,06/02/2024,KID5436449687,17.159864,74.676684,89.7,LCA-334,2024-07-05,Rain-fed,Yes,62253,1245,XXXX9056XX,MAHB1571272,0.683,0.329,51.8,23.6,,,
MH-AS-SAT-10000035,sanjay.mahale69,Sanjay Mahale,Male,1980-09-19,45,SC,XXXX-XXXX-1198,9312055340,Maharashtra,Satara,Patan,Patan_Village_14,422807,196/15,6.94,Canal-irrigated,Alluvial,River Lift,Peas,Tomato,Ginger,No,Maharashtra Gramin Bank,Yes,No,2024-07-04,Active,196/15,Verified,38275679594,Bhogtavadar Varg-1,0.0,12.74,22/07/2024,KID9534377958,17.781449,74.0826,148.6,Local Variety,2024-10-27,Rain-fed,Yes,195364,3907,XXXX5824XX,MAHB4321515,0.56,0.369,34.1,23.8,2025-03-04,55.4,Approved
MH-AS-OSM-10000035,usha.dhere67,Usha Dhere,Female,1981-05-22,45,General,XXXX-XXXX-6499,7730576893,Maharashtra,Osmanabad,Omerga,Omerga_Village_83,412991,441/24,6.12,Rain-fed,Black Cotton Soil,Tank,Tomato,Onion,Soybean,No,,No,Yes,2024-03-29,Active,441/24,Verified,34880176825,Bhogtavadar Varg-1,0.0,10.24,17/03/2025,KID3015670281,18.47318,76.200073,139.6,Abhinav,2024-10-25,Rain-fed,No,0,0,XXXX9584XX,MAHB5880353,0.682,0.603,11.6,251.1,2024-11-29,24.3,Pending Review
MH-AS-SAN-10000041,dattatray.mane40,Dattatray Mane,Male,1955-03-21,71,NT,XXXX-XXXX-3738,8948639443,Maharashtra,Sangli,Walwa,Walwa_Village_51,442622,281/33,4.89,Irrigated,Red Laterite,Drip,Sunflower,Onion,,Yes,DCCB Nashik,No,No,2022-06-30,Active,281/33,Verified,35492496998,Shasakiya,0.21,8.53,14/01/2025,KID1256517224,16.901907,74.622985,124.8,Local Variety,2024-10-16,Irrigated,Yes,128371,2567,XXXX9948XX,MAHB6553026,0.787,0.607,22.9,25.6,2024-12-16,40.1,Flagged
MH-AS-AHM-10000031,vandana.dhere94,Vandana Dhere,Female,1951-07-07,74,SC,XXXX-XXXX-4067,7649988257,Maharashtra,Ahmednagar,Ahmednagar,Ahmednagar_Village_57,430501,732/45,2.08,Irrigated,Red Laterite,Canal,Grapes,Sugarcane,Soybean,Yes,,No,Yes,2024-01-11,Active,732/45,Verified,34419410162,Bhogtavadar Varg-1,0.0,3.61,22/01/2024,KID2111872831,19.487749,74.724563,81.4,Thompson Seedless,2024-10-21,Irrigated,No,0,0,XXXX5807XX,MAHB4177379,0.591,0.529,10.5,25.1,,,
MH-AS-AUR-10000034,dnyanoba.chavan75,Dnyanoba Chavan,Male,1978-09-23,47,NT,XXXX-XXXX-7167,9847406236,Maharashtra,Aurangabad,Vaijapur,Vaijapur_Village_77,444416,671/22,6.8,Semi-irrigated,Sandy Loam,Tank,Onion,Moong Dal,,No,DCCB Pune,Yes,Yes,2025-04-12,Inactive,671/22,Unverified,36554972315,Inam,0.0,10.95,11/08/2024,KID2027070306,19.904696,75.513544,147.1,Bhima Raj,2024-07-06,Rain-fed,No,0,0,XXXX4960XX,MAHB2440125,0.804,0.483,39.9,198.5,,,
MH-AS-AUR-10000035,sunita.kale12,Sunita Kale,Female,1961-03-05,65,SC,XXXX-XXXX-2390,7043342822,Maharashtra,Aurangabad,Sillod,Sillod_Village_30,412721,777/9,1.76,Rain-fed,Alluvial,Tank,Pomegranate,Chana Dal,Wheat,No,Maharashtra Gramin Bank,Yes,No,2023-08-24,Inactive,777/9,Unverified,36904897514,Bhogtavadar Varg-1,0.0,2.83,10/01/2024,KID6361760611,20.274889,75.380661,74.8,Bhagwa,2024-10-23,Rain-fed,Yes,180520,3610,XXXX7768XX,MAHB6136506,0.656,0.188,71.3,24.0,,,
MH-AS-AUR-10000036,naresh.kadam75,Naresh Kadam,Male,1952-06-29,73,OBC,XXXX-XXXX-6255,7268170906,Maharashtra,Aurangabad,Gangapur,Gangapur_Village_35,419379,299/36,3.79,Irrigated,Black Cotton Soil,Drip,Mango,Jowar,,Yes,,Yes,No,2024-04-11,Active,299/36,Verified,31625217504,Inam,0.0,7.32,23/08/2024,KID3569483604,20.074089,75.083715,109.8,Local Variety,2024-11-02,Irrigated,Yes,95491,1909,XXXX1749XX,MAHB6351193,0.697,0.639,8.3,24.3,,,
MH-AS-NAN-10000035,rajesh.desai79,Rajesh Desai,Male,1973-05-03,53,SBC,XXXX-XXXX-8886,8285965612,Maharashtra,Nanded,Hadgaon,Hadgaon_Village_71,440969,386/35,5.09,Canal-irrigated,Black Cotton Soil,Canal,Cotton,Turmeric,Maize,Yes,,Yes,No,2023-09-10,Active,386/35,Verified,37576309274,Bhogtavadar Varg-1,0.0,8.7,09/02/2024,KID1755780439,19.419278,77.216245,127.3,Bt-Hybrid,2024-06-30,Rain-fed,No,0,0,XXXX9095XX,MAHB3090814,0.632,0.437,30.9,21.6,2025-03-20,43.6,Approved
MH-AS-OSM-10000036,pushpa.lokhande96,Pushpa Lokhande,Female,1965-06-17,60,SBC,XXXX-XXXX-9839,8510243560,Maharashtra,Osmanabad,Lohara,Lohara_Village_77,425397,366/26,4.71,Well-irrigated,Medium Black,Drip,Sunflower,Moong Dal,Onion,No,Bank of Maharashtra,No,No,2022-11-17,Pending,366/26,Pending,34403845222,Shasakiya,0.21,8.51,17/03/2025,KID3945613245,18.313462,76.009997,122.4,Local Variety,2024-11-02,Rain-fed,Yes,128570,2571,XXXX4242XX,MAHB5588025,0.561,0.235,58.1,25.6,,,
MH-AS-PUN-10000033,yamuna.nirmal11,Yamuna Nirmal,Female,1994-09-27,31,OBC,XXXX-XXXX-4303,9791844806,Maharashtra,Pune,Shirur,Shirur_Village_63,433459,366/24,0.88,Canal-irrigated,Medium Black,Drip,Grapes,Pomegranate,Capsicum,Yes,Canara Bank,No,Yes,2024-09-13,Inactive,366/24,Unverified,31730074215,Bhogtavadar Varg-1,0.17,1.51,09/06/2024,KID6655273663,18.715943,73.508016,52.9,Thompson Seedless,2024-11-02,Rain-fed,No,0,0,XXXX1475XX,MAHB3219698,0.752,0.395,47.5,25.4,,,
MH-AS-SOL-10000027,rekha.mahale86,Rekha Mahale,Female,1952-06-29,73,OBC,XXXX-XXXX-2661,9974495820,Maharashtra,Solapur,South Solapur,South Solapur_Village_21,434844,362/36,5.78,Semi-irrigated,Sandy Loam,Well,Cotton,Bajra,,No,,Yes,Yes,2022-06-15,Inactive,362/36,Unverified,39929101065,Inam,0.34,11.42,21/10/2024,KID6946243660,17.456625,75.956295,135.6,Bt-Hybrid,2024-07-03,Rain-fed,No,0,0,XXXX5074XX,MAHB2244199,0.574,0.116,79.8,20.8,,,
MH-AS-SAT-10000036,anil.wagh97,Anil Wagh,Male,1988-10-24,37,NT,XXXX-XXXX-5218,8845817504,Maharashtra,Satara,Satara,Satara_Village_74,416870,454/33,7.93,Irrigated,Medium Black,River Lift,Peas,Bajra,Banana,No,Bank of Maharashtra,Yes,No,2022-09-29,Active,454/33,Verified,39035194895,Bhogtavadar Varg-1,0.0,13.51,07/08/2024,KID4335654564,17.90871,74.151917,158.9,Local Variety,2024-11-07,Irrigated,Yes,234116,4682,XXXX1772XX,MAHB9502769,0.721,0.655,9.2,26.0,2024-11-21,66.4,Approved
MH-AS-NAS-10000019,narayan.kale75,Narayan Kale,Male,1960-11-21,65,SC,XXXX-XXXX-6009,9020482186,Maharashtra,Nashik,Niphad,Niphad_Village_79,404682,111/33,2.77,Canal-irrigated,Sandy Loam,Canal,Carrot,Grapes,,No,,No,Yes,2024-05-29,Active,111/33,Verified,36329323383,Bhogtavadar Varg-1,0.38,4.91,20/10/2024,KID7483639513,20.001086,73.720123,93.9,Local Variety,2024-10-27,Rain-fed,Yes,74535,1490,XXXX1129XX,MAHB9429937,0.568,0.526,7.4,26.3,2024-11-10,15.0,Approved
MH-AS-SAT-10000037,savita.patil28,Savita Patil,Female,1953-11-15,72,ST,XXXX-XXXX-2884,9483885404,Maharashtra,Satara,Wai,Wai_Village_9,441052,122/35,1.92,Semi-irrigated,Medium Black,Rain-fed,Strawberry,Turmeric,,No,Maharashtra Gramin Bank,No,No,2024-08-26,Active,122/35,Verified,31614685938,Inam,0.0,3.74,26/07/2024,KID6500941543,17.398274,74.293193,78.2,Local Variety,2024-10-16,Rain-fed,Yes,54408,1088,XXXX1367XX,MAHB6743461,0.787,0.756,3.9,24.0,,,
MH-AS-NAG-10000034,dattatray.gaikwad39,Dattatray Gaikwad,Male,1951-03-15,75,SC,XXXX-XXXX-2020,8333399263,Maharashtra,Nagpur,Nagpur Urban,Nagpur Urban_Village_90,418089,842/8,6.03,Canal-irrigated,Alluvial,Canal,Onion,Teak (Plantation),Garlic,No,,Yes,Yes,2024-03-25,Active,842/8,Verified,36385791669,Bhogtavadar Varg-1,0.0,11.68,29/12/2024,KID4771605216,20.842658,79.443543,138.5,Bhima Raj,2024-06-21,Rain-fed,Yes,298020,5960,XXXX2699XX,MAHB3885970,0.734,0.563,23.3,198.3,,,
MH-AS-LAT-10000027,usha.surve34,Usha Surve,Female,1992-08-09,33,General,XXXX-XXXX-4227,8250364515,Maharashtra,Latur,Renapur,Renapur_Village_30,442830,287/50,11.69,Well-irrigated,Black Cotton Soil,Canal,Jowar,Niger Seed,,Yes,,Yes,Yes,2024-10-10,Active,287/50,Verified,38750840032,Bhogtavadar Varg-1,0.0,19.57,23/11/2024,KID8527638966,18.258208,76.864031,192.9,Phule Vasudha,2024-07-04,Rain-fed,Yes,212371,4247,XXXX8416XX,MAHB3831320,0.66,0.547,17.1,19.6,2025-02-28,36.0,Pending Review
MH-AS-AHM-10000032,lalita.dhere39,Lalita Dhere,Female,1969-02-28,57,SC,XXXX-XXXX-5168,9748895003,Maharashtra,Ahmednagar,Ahmednagar,Ahmednagar_Village_29,443862,126/40,2.77,Rain-fed,Alluvial,River Lift,Sugarcane,Grapes,,Yes,,Yes,No,2022-12-29,Active,126/40,Verified,39165632300,Bhogtavadar Varg-2,0.0,5.32,01/08/2024,KID3227288198,19.105522,74.350451,93.9,Co-86032,2024-07-12,Rain-fed,Yes,184126,3682,XXXX4305XX,MAHB9108326,0.742,0.615,17.1,699.4,,,
MH-AS-LAT-10000028,vitthal.surve16,Vitthal Surve,Male,1988-05-06,38,NT,XXXX-XXXX-7549,7983988074,Maharashtra,Latur,Renapur,Renapur_Village_49,414129,298/41,8.26,Irrigated,Alluvial,Canal,Sunflower,Groundnut,,No,Bank of Maharashtra,No,Yes,2022-06-21,Active,298/41,Verified,31678500147,Bhogtavadar Varg-1,0.28,14.73,28/05/2024,KID4070384884,18.508298,76.163887,162.1,Local Variety,2024-10-17,Irrigated,Yes,213252,4265,XXXX7738XX,MAHB8142013,0.656,0.485,26.1,25.9,,,
MH-AS-LAT-10000029,vikram.kulkarni54,Vikram Kulkarni,Male,1983-04-19,43,OBC,XXXX-XXXX-8240,8091208744,Maharashtra,Latur,Ausa,Ausa_Village_39,409891,157/45,9.17,Irrigated,Sandy Loam,Tank,Urad Dal,Tomato,,Yes,,No,Yes,2024-06-23,Active,157/45,Verified,37818568548,Bhogtavadar Varg-1,0.01,16.44,28/02/2024,KID9051401510,18.169879,76.721956,170.8,Local Variety,2024-10-30,Irrigated,Yes,237930,4758,XXXX8314XX,MAHB5365896,0.71,0.532,25.1,24.2,,,
MH-AS-NAG-10000035,shobha.mahale67,Shobha Mahale,Female,1979-08-21,46,SBC,XXXX-XXXX-9964,8677765852,Maharashtra,Nagpur,Nagpur Rural,Nagpur Rural_Village_49,409040,833/28,0.88,Semi-irrigated,Black Cotton Soil,Rain-fed,Wheat,Cotton,Paddy,Yes,Maharashtra Gramin Bank,No,No,2022-06-26,Active,833/28,Verified,36369130994,Bhogtavadar Varg-1,0.0,1.45,26/07/2024,KID9467885957,20.745814,79.385189,52.9,HD-2781,2024-10-31,Rain-fed,No,0,0,XXXX2114XX,MAHB2776092,0.579,0.519,10.4,33.4,2025-04-11,24.9,Pending Review
MH-AS-AHM-10000033,shankar.desai92,Shankar Desai,Male,1963-04-14,63,ST,XXXX-XXXX-9120,9514401425,Maharashtra,Ahmednagar,Rahuri,Rahuri_Village_9,419892,630/39,1.21,Semi-irrigated,Red Laterite,Well,Maize,Coriander,,No,,Yes,Yes,2024-02-19,Inactive,630/39,Unverified,38925520026,Shasakiya,0.0,1.98,11/01/2024,KID1881435330,18.867993,74.931249,62.1,Ganga-11,2024-06-19,Rain-fed,No,0,0,XXXX2035XX,MAHB9807859,0.555,0.08,85.6,30.7,,,
MH-AS-OSM-10000037,usha.more37,Usha More,Female,1971-10-12,54,ST,XXXX-XXXX-3362,8430602854,Maharashtra,Osmanabad,Tuljapur,Tuljapur_Village_24,421352,102/22,1.25,Rain-fed,Black Cotton Soil,Canal,Onion,Safflower,Sesame,No,State Bank of India,Yes,Yes,2022-05-23,Active,102/22,Verified,33075362821,Bhogtavadar Varg-1,0.0,2.36,15/06/2024,KID4082584108,18.074711,76.346994,63.1,Bhima Raj,2024-06-21,Rain-fed,Yes,54923,1098,XXXX2434XX,MAHB4513770,0.609,0.543,10.8,199.4,,,
MH-AS-AMR-10000035,pushpa.wagh55,Pushpa Wagh,Female,1984-10-04,41,General,XXXX-XXXX-2109,8289213311,Maharashtra,Amravati,Chandur Bazar,Chandur Bazar_Village_49,430048,647/35,7.1,Well-irrigated,Alluvial,River Lift,Urad Dal,Paddy,,Yes,DCCB Nashik,No,Yes,2023-06-27,Active,647/35,Verified,36313758032,Bhogtavadar Varg-1,0.0,12.77,28/03/2024,KID1750493715,20.964657,77.582639,150.3,Local Variety,2024-10-20,Rain-fed,No,0,0,XXXX2725XX,MAHB6938217,0.801,0.642,19.9,23.1,2025-01-15,14.8,Disbursed
MH-AS-JAL-10000028,dnyanoba.kale80,Dnyanoba Kale,Male,2002-01-28,24,SBC,XXXX-XXXX-2047,7961797820,Maharashtra,Jalgaon,Chalisgaon,Chalisgaon_Village_34,412077,626/12,10.84,Well-irrigated,Red Laterite,Drip,Maize,Banana,,Yes,Bank of Maharashtra,Yes,No,2025-06-24,Active,626/12,Verified,37751356568,Inam,0.2,19.24,14/02/2025,KID5248503507,21.303874,75.416683,185.8,Ganga-11,2024-07-07,Rain-fed,Yes,283919,5678,XXXX2040XX,MAHB3852084,0.575,0.393,31.7,29.3,,,
MH-AS-NAN-10000036,shankar.shinde13,Shankar Shinde,Male,1988-06-13,37,General,XXXX-XXXX-3540,9541422253,Maharashtra,Nanded,Hadgaon,Hadgaon_Village_33,416708,895/18,10.5,Canal-irrigated,Black Cotton Soil,Canal,Tur Dal,Groundnut,Sugarcane,No,Bank of Maharashtra,No,Yes,2024-08-17,Active,895/18,Verified,37763765757,Shasakiya,0.0,19.86,12/11/2024,KID8938819868,18.844358,77.609732,182.8,Local Variety,2024-11-08,Rain-fed,No,0,0,XXXX8290XX,MAHB7314704,0.769,0.602,21.7,25.3,,,
MH-AS-KOL-10000031,pushpa.jadhav77,Pushpa Jadhav,Female,1990-10-26,35,SC,XXXX-XXXX-4856,7840032790,Maharashtra,Kolhapur,Shirol,Shirol_Village_55,423453,763/8,11.29,Irrigated,Sandy Loam,Borewell,Turmeric,Jackfruit,Cardamom,No,Canara Bank,No,Yes,2022-10-28,Active,763/8,Verified,32268006448,Bhogtavadar Varg-1,0.0,21.52,23/08/2024,KID1063419647,16.940686,74.380003,189.6,Salem,2024-06-30,Irrigated,Yes,518145,10362,XXXX9843XX,MAHB7444970,0.74,0.567,23.4,26.1,2025-01-12,24.9,Pending Review
MH-AS-KOL-10000032,bharat.gaikwad73,Bharat Gaikwad,Male,1979-12-14,46,SBC,XXXX-XXXX-3465,9384626035,Maharashtra,Kolhapur,Karvir,Karvir_Village_50,434654,366/24,8.14,Irrigated,Red Laterite,Well,Colocasia,Cardamom,,No,State Bank of India,No,No,2025-12-11,Active,366/24,Verified,38122042835,Bhogtavadar Varg-1,0.0,13.54,01/03/2025,KID1373999192,16.95482,74.386643,161.0,Local Variety,2024-10-25,Irrigated,Yes,213756,4275,XXXX5601XX,MAHB5875993,0.605,0.423,30.1,23.3,,,
MH-AS-PUN-10000034,naresh.pawar80,Naresh Pawar,Male,1986-09-30,39,ST,XXXX-XXXX-4715,9359632000,Maharashtra,Pune,Purandar,Purandar_Village_17,429190,744/6,8.53,Canal-irrigated,Red Laterite,River Lift,Fig,Sunflower,Pomegranate,No,,No,No,2022-10-23,Active,744/6,Verified,32178884276,Bhogtavadar Varg-1,0.12,15.73,19/12/2024,KID1067466522,18.839855,73.565068,164.8,Local Variety,2024-10-18,Rain-fed,Yes,224626,4492,XXXX5473XX,MAHB6556316,0.677,0.592,12.6,26.1,,,
MH-AS-SOL-10000028,pandurang.shinde18,Pandurang Shinde,Male,1998-12-12,27,General,XXXX-XXXX-6979,9924663338,Maharashtra,Solapur,South Solapur,South Solapur_Village_95,407692,604/29,0.46,Rain-fed,Alluvial,Rain-fed,Pomegranate,Chilli,Chana Dal,No,DCCB Nashik,No,No,2025-08-28,Active,604/29,Verified,34431078106,Bhogtavadar Varg-1,0.0,0.76,04/07/2024,KID1376284770,17.849923,76.059289,38.3,Bhagwa,2024-10-30,Rain-fed,No,0,0,XXXX8989XX,MAHB7562068,0.722,0.621,14.0,23.5,,,
MH-AS-SOL-10000029,popat.lokhande68,Popat Lokhande,Male,1958-01-22,68,SC,XXXX-XXXX-4542,9022937305,Maharashtra,Solapur,Pandharpur,Pandharpur_Village_50,415400,992/14,1.42,Semi-irrigated,Sandy Loam,Well,Chilli,Soybean,Sunflower,No,,Yes,Yes,2025-08-17,Active,992/14,Verified,32513206988,Bhogtavadar Varg-1,0.0,2.7,15/02/2024,KID1320048895,17.831664,75.695768,67.2,LCA-334,2024-07-01,Rain-fed,Yes,35057,701,XXXX6017XX,MAHB4653301,0.817,0.699,14.4,26.8,,,
MH-AS-DHU-10000035,lata.salve23,Lata Salve,Female,1987-05-20,39,OBC,XXXX-XXXX-2232,7856627217,Maharashtra,Dhule,Shirpur,Shirpur_Village_36,444882,90/22,4.07,Irrigated,Sandy Loam,Canal,Groundnut,Cotton,Tur Dal,No,DCCB Nashik,Yes,Yes,2022-08-13,Active,90/22,Verified,33734252963,Bhogtavadar Varg-1,0.34,7.58,11/08/2024,KID1339178862,20.863535,74.924726,113.8,TAG-24,2024-06-18,Irrigated,Yes,104837,2096,XXXX6460XX,MAHB2062647,0.644,0.444,31.1,17.4,2025-01-19,12.7,Pending Review
MH-AS-SAN-10000042,rajesh.gavit73,Rajesh Gavit,Male,1989-08-19,36,General,XXXX-XXXX-7388,7323397435,Maharashtra,Sangli,Jat,Jat_Village_24,441520,272/38,5.89,Semi-irrigated,Red Laterite,Tank,Safflower,Maize,,No,Bank of Baroda,Yes,No,2024-05-29,Inactive,272/38,Unverified,37961674558,Bhogtavadar Varg-1,0.0,11.68,08/03/2025,KID9248634004,17.029611,74.650227,136.9,Local Variety,2024-10-29,Rain-fed,Yes,159999,3199,XXXX7399XX,MAHB7149499,0.781,0.339,56.6,26.7,,,
MH-AS-KOL-10000033,rajesh.kadam29,Rajesh Kadam,Male,1971-04-01,55,SC,XXXX-XXXX-6886,8064977355,Maharashtra,Kolhapur,Karvir,Karvir_Village_89,401841,622/50,2.9,Well-irrigated,Sandy Loam,Tank,Arecanut,Wheat,Colocasia,Yes,Maharashtra Gramin Bank,No,Yes,2022-12-25,Active,622/50,Verified,34600630513,Bhogtavadar Varg-1,0.24,4.72,24/02/2024,KID8809479894,16.434867,74.630647,96.1,Local Variety,2024-11-06,Rain-fed,Yes,78612,1572,XXXX9981XX,MAHB6942032,0.605,0.45,25.6,25.5,,,
MH-AS-AHM-10000034,popat.wagh74,Popat Wagh,Male,1994-02-12,32,SC,XXXX-XXXX-3006,8737341873,Maharashtra,Ahmednagar,Kopargaon,Kopargaon_Village_89,424976,99/47,8.76,Irrigated,Black Cotton Soil,Borewell,Groundnut,Jowar,,Yes,,Yes,No,2022-07-30,Active,99/47,Verified,33698305085,Inam,0.0,14.22,04/05/2024,KID8641798579,18.896627,74.980361,167.0,TAG-24,2024-07-04,Irrigated,No,0,0,XXXX5174XX,MAHB2469235,0.625,0.461,26.2,16.5,,,
MH-AS-KOL-10000034,vimal.patil99,Vimal Patil,Female,1956-07-05,69,SC,XXXX-XXXX-4563,9516326709,Maharashtra,Kolhapur,Shirol,Shirol_Village_9,424713,138/32,8.92,Irrigated,Black Cotton Soil,Well,Arecanut,Wheat,,No,Canara Bank,No,Yes,2025-03-12,Active,138/32,Verified,33776011793,Inam,0.0,15.28,11/08/2024,KID6042821865,16.944952,74.213162,168.5,Local Variety,2024-11-12,Irrigated,No,0,0,XXXX7835XX,MAHB1760797,0.796,0.671,15.7,25.0,,,
